Date,Close
2023-04-27,29126.26
2023-04-26,29636.38
2023-04-25,28320.8
2023-04-24,27519.8
2023-04-23,27580.9
2023-04-22,27824.5
2023-04-21,27253.8
2023-04-20,28261.9
2023-04-19,28807.9
2023-04-18,30379.7
2023-04-17,29433
2023-04-16,30326.6
2023-04-15,30324.1
2023-04-14,30506.8
2023-04-13,30393.9
2023-04-12,29895.5
2023-04-11,30252.9
2023-04-10,29658.7
2023-04-09,28343.2
2023-04-08,27950.6
2023-04-07,27929.8
2023-04-06,28042.1
2023-04-05,28182.5
2023-04-04,28181.3
2023-04-03,27817.8
2023-04-02,28202.5
2023-04-01,28475
2023-03-31,28476.4
2023-03-30,28033.2
2023-03-29,28348.2
2023-03-28,27274.1
2023-03-27,27159.8
2023-03-26,28007.9
2023-03-25,27493.4
2023-03-24,27466.1
2023-03-23,28352.9
2023-03-22,27339
2023-03-21,28200.5
2023-03-20,27823.1
2023-03-19,27985.1
2023-03-18,27007.2
2023-03-17,27385.9
2023-03-16,25055.6
2023-03-15,24367
2023-03-14,24762.6
2023-03-13,24212.1
2023-03-12,22153.7
2023-03-11,20646.7
2023-03-10,20207.1
2023-03-09,20358.7
2023-03-08,21698.3
2023-03-07,22195.7
2023-03-06,22406.5
2023-03-05,22435.9
2023-03-04,22338.4
2023-03-03,22358.1
2023-03-02,23468.2
2023-03-01,23631.5
2023-02-28,23135.4
2023-02-27,23499.4
2023-02-26,23535.5
2023-02-25,23173.7
2023-02-24,23198.5
2023-02-23,23951.5
2023-02-22,24189.5
2023-02-21,24454.4
2023-02-20,24809.3
2023-02-19,24336.7
2023-02-18,24650.2
2023-02-17,24561.6
2023-02-16,23516.1
2023-02-15,24329.9
2023-02-14,22206.2
2023-02-13,21834.4
2023-02-12,21789.8
2023-02-11,21877.6
2023-02-10,21628.9
2023-02-09,21800.6
2023-02-08,22950.8
2023-02-07,23245.9
2023-02-06,22764
2023-02-05,22936.3
2023-02-04,23328.8
2023-02-03,23430.6
2023-02-02,23493.8
2023-02-01,23705.1
2023-01-31,23150.5
2023-01-30,22832.9
2023-01-29,23783.9
2023-01-28,23013.2
2023-01-27,23081.6
2023-01-26,23015.5
2023-01-25,23059.5
2023-01-24,22636.1
2023-01-23,22946.8
2023-01-22,22714.8
2023-01-21,22770.9
2023-01-20,22680.9
2023-01-19,21084
2023-01-18,20674.2
2023-01-17,21153.2
2023-01-16,21165.1
2023-01-15,20863.6
2023-01-14,20979.7
2023-01-13,19922.9
2023-01-12,18847.7
2023-01-11,17936.7
2023-01-10,17438.7
2023-01-09,17177.9
2023-01-08,17067.5
2023-01-07,16942.8
2023-01-06,16949.3
2023-01-05,16823.6
2023-01-04,16844.4
2023-01-03,16669.4
2023-01-02,16675.8
2023-01-01,16605.1
2022-12-31,16529
2022-12-30,16600.1
2022-12-29,16633.6
2022-12-28,16539.5
2022-12-27,16698.9
2022-12-26,16917.9
2022-12-25,16829
2022-12-24,16837.5
2022-12-23,16777.2
2022-12-22,16815.6
2022-12-21,16803.3
2022-12-20,16907.5
2022-12-19,16439.7
2022-12-18,16741.1
2022-12-17,16781.6
2022-12-16,16604.6
2022-12-15,17350.2
2022-12-14,17805.7
2022-12-13,17773.1
2022-12-12,17214.5
2022-12-11,17085.2
2022-12-10,17115.6
2022-12-09,17120
2022-12-08,17253.2
2022-12-07,16841.1
2022-12-06,17087.8
2022-12-05,16964.9
2022-12-04,17131.4
2022-12-03,16906.2
2022-12-02,17093.2
2022-12-01,16958.4
2022-11-30,17173.4
2022-11-29,16432.4
2022-11-28,16206.2
2022-11-27,16420.9
2022-11-26,16452.2
2022-11-25,16498.4
2022-11-24,16585.5
2022-11-23,16600.7
2022-11-22,16147.7
2022-11-21,15760.1
2022-11-20,16252.5
2022-11-19,16683
2022-11-18,16680.4
2022-11-17,16680.4
2022-11-16,16645.2
2022-11-15,16880.7
2022-11-14,16590.7
2022-11-13,16301.3
2022-11-12,16778.1
2022-11-11,17011.5
2022-11-10,17546.8
2022-11-09,15757.2
2022-11-08,18501.2
2022-11-07,20591.9
2022-11-06,20905.9
2022-11-05,21301.2
2022-11-04,21144.2
2022-11-03,20209
2022-11-02,20150.7
2022-11-01,20481.5
2022-10-31,20491.9
2022-10-30,20631.4
2022-10-29,20822.1
2022-10-28,20609.8
2022-10-27,20294.2
2022-10-26,20775.4
2022-10-25,20086.2
2022-10-24,19330.4
2022-10-23,19572.4
2022-10-22,19206.5
2022-10-21,19173
2022-10-20,19040.8
2022-10-19,19128.3
2022-10-18,19330.2
2022-10-17,19553.5
2022-10-16,19271
2022-10-15,19054.8
2022-10-14,19195.6
2022-10-13,19378.6
2022-10-12,19153.9
2022-10-11,19043.8
2022-10-10,19139.8
2022-10-09,19442.1
2022-10-08,19419.3
2022-10-07,19531.5
2022-10-06,19965.6
2022-10-05,20170.2
2022-10-04,20345.1
2022-10-03,19633.5
2022-10-02,19059.7
2022-10-01,19315.2
2022-09-30,19452.2
2022-09-29,19592.4
2022-09-28,19395
2022-09-27,19093.9
2022-09-26,19241.5
2022-09-25,18805.1
2022-09-24,18923.2
2022-09-23,19286
2022-09-22,19432.3
2022-09-21,18465
2022-09-20,18878
2022-09-19,19569
2022-09-18,19417.6
2022-09-17,20113.3
2022-09-16,19768
2022-09-15,19703.6
2022-09-14,20227.7
2022-09-13,20173.2
2022-09-12,22402.6
2022-09-11,21784.8
2022-09-10,21679.4
2022-09-09,21372.5
2022-09-08,19329.1
2022-09-07,19293.5
2022-09-06,18815.3
2022-09-05,19794.5
2022-09-04,19982.3
2022-09-03,19835.4
2022-09-02,19931.5
2022-09-01,20146
2022-08-31,20048.2
2022-08-30,19773.5
2022-08-29,20275.6
2022-08-28,19571.3
2022-08-27,20051.5
2022-08-26,20209
2022-08-25,21591.5
2022-08-24,21368.7
2022-08-23,21515.1
2022-08-22,21398.2
2022-08-21,21510.4
2022-08-20,21158.8
2022-08-19,20834.9
2022-08-18,23189.4
2022-08-17,23341.1
2022-08-16,23857.9
2022-08-15,24097.8
2022-08-14,24316.3
2022-08-13,24461.8
2022-08-12,24412.6
2022-08-11,23941.6
2022-08-10,23948.9
2022-08-09,23150.9
2022-08-08,23797.3
2022-08-07,23177.3
2022-08-06,22960.9
2022-08-05,23288.2
2022-08-04,22623.9
2022-08-03,22825
2022-08-02,22993.7
2022-08-01,23273.8
2022-07-31,23307.2
2022-07-30,23661
2022-07-29,23784.5
2022-07-28,23851.7
2022-07-27,22949.6
2022-07-26,21222
2022-07-25,21310.2
2022-07-24,22604.4
2022-07-23,22450.6
2022-07-22,22687.6
2022-07-21,23150.8
2022-07-20,23226.9
2022-07-19,23395
2022-07-18,22442.2
2022-07-17,20790.2
2022-07-16,21195.5
2022-07-15,20827.5
2022-07-14,20553.5
2022-07-13,20173.3
2022-07-12,19301.5
2022-07-11,19942.4
2022-07-10,20848.5
2022-07-09,21583.9
2022-07-08,21780.8
2022-07-07,21644.2
2022-07-06,20541.8
2022-07-05,20169.4
2022-07-04,20235.5
2022-07-03,19291.3
2022-07-02,19224
2022-07-01,19247.3
2022-06-30,19985.6
2022-06-29,20093.5
2022-06-28,20266.9
2022-06-27,20723.6
2022-06-26,21027.9
2022-06-25,21477.7
2022-06-24,21219.5
2022-06-23,21104.4
2022-06-22,19971.2
2022-06-21,20696.9
2022-06-20,20552.8
2022-06-19,20552.4
2022-06-18,18948.8
2022-06-17,20444.5
2022-06-16,20369.9
2022-06-15,22562.3
2022-06-14,22120.2
2022-06-13,22494.3
2022-06-12,26555
2022-06-11,28356.8
2022-06-10,29063.1
2022-06-09,30079.6
2022-06-08,30177
2022-06-07,31148.3
2022-06-06,31350.3
2022-06-05,29899.6
2022-06-04,29843.1
2022-06-03,29670.8
2022-06-02,30426.1
2022-06-01,29788.7
2022-05-31,31784
2022-05-30,31705.6
2022-05-29,29447.2
2022-05-28,29008.9
2022-05-27,28576.2
2022-05-26,29321.2
2022-05-25,29503.4
2022-05-24,29646
2022-05-23,29092.3
2022-05-22,30260.8
2022-05-21,29408.2
2022-05-20,29155.7
2022-05-19,30321.6
2022-05-18,28694.2
2022-05-17,30412.1
2022-05-16,29840
2022-05-15,31280.7
2022-05-14,30068.4
2022-05-13,29232.1
2022-05-12,28941.9
2022-05-11,28989.4
2022-05-10,31004.3
2022-05-09,30078.2
2022-05-08,34027.9
2022-05-07,35458
2022-05-06,36029.2
2022-05-05,36539.8
2022-05-04,39669.5
2022-05-03,37720.8
2022-05-02,38511.9
2022-05-01,38471.6
2022-04-30,37661.2
2022-04-29,38593.1
2022-04-28,39743.2
2022-04-27,39251.1
2022-04-26,38112.4
2022-04-25,40439.2
2022-04-24,39468.6
2022-04-23,39436.2
2022-04-22,39760.1
2022-04-21,40526.9
2022-04-20,41377.6
2022-04-19,41532.8
2022-04-18,40801.9
2022-04-17,39684.8
2022-04-16,40387.6
2022-04-15,40549.9
2022-04-14,39952.9
2022-04-13,41149.5
2022-04-12,40085.9
2022-04-11,39465.1
2022-04-10,42285.5
2022-04-09,42766.9
2022-04-08,42262
2022-04-07,43452.1
2022-04-06,43170.3
2022-04-05,45548.9
2022-04-04,46596.8
2022-04-03,46422.8
2022-04-02,45857
2022-04-01,46296.3
2022-03-31,45528.4
2022-03-30,47078
2022-03-29,47454.1
2022-03-28,46990.7
2022-03-27,46881.6
2022-03-26,44539.4
2022-03-25,44337.4
2022-03-24,43989.9
2022-03-23,42940.5
2022-03-22,42368.4
2022-03-21,41017.7
2022-03-20,41281.9
2022-03-19,42232.2
2022-03-18,41780.5
2022-03-17,40950.3
2022-03-16,41123.4
2022-03-15,39291.5
2022-03-14,39612.5
2022-03-13,37822.6
2022-03-12,38862.5
2022-03-11,38759.8
2022-03-10,39433.7
2022-03-09,41980.1
2022-03-08,38749.3
2022-03-07,37998
2022-03-06,38408
2022-03-05,39412.9
2022-03-04,39166.4
2022-03-03,42464.4
2022-03-02,43916.4
2022-03-01,44404.1
2022-02-28,43198.6
2022-02-27,37717
2022-02-26,39137.8
2022-02-25,39251.1
2022-02-24,38347.3
2022-02-23,37301.4
2022-02-22,38251.4
2022-02-21,37023
2022-02-20,38389
2022-02-19,40147.9
2022-02-18,39983.5
2022-02-17,40546.2
2022-02-16,43986.1
2022-02-15,44591.8
2022-02-14,42548.6
2022-02-13,42075
2022-02-12,42178.4
2022-02-11,42400.2
2022-02-10,43517.2
2022-02-09,44339.6
2022-02-08,44130.5
2022-02-07,43919.5
2022-02-06,42415.1
2022-02-05,41433.6
2022-02-04,41709.9
2022-02-03,37077.9
2022-02-02,36859.9
2022-02-01,38777.8
2022-01-31,38491.9
2022-01-30,37901.3
2022-01-29,38191.1
2022-01-28,37741.9
2022-01-27,37188.3
2022-01-26,36840.6
2022-01-25,36964.2
2022-01-24,36701.5
2022-01-23,36278
2022-01-22,35070.1
2022-01-21,36456.9
2022-01-20,40646.6
2022-01-19,41709.2
2022-01-18,42369.7
2022-01-17,42214
2022-01-16,43099.7
2022-01-15,43160.2
2022-01-14,43099
2022-01-13,42581.6
2022-01-12,43921.8
2022-01-11,42694.8
2022-01-10,41822.9
2022-01-09,41865.2
2022-01-08,41684.8
2022-01-07,41565.1
2022-01-06,43083.7
2022-01-05,43523.4
2022-01-04,45814.6
2022-01-03,46435.5
2022-01-02,47299
2022-01-01,47733.4
2021-12-31,46195
2021-12-30,47122
2021-12-29,46471.2
2021-12-28,47635.9
2021-12-27,50717.7
2021-12-26,50801.7
2021-12-25,50652.8
2021-12-24,50848.1
2021-12-23,50773.9
2021-12-22,48658.6
2021-12-21,48954.8
2021-12-20,46915.8
2021-12-19,46690.5
2021-12-18,46928.3
2021-12-17,46155.3
2021-12-16,47634.2
2021-12-15,48884.7
2021-12-14,48392
2021-12-13,46812.1
2021-12-12,50149.2
2021-12-11,49343.1
2021-12-10,46968.5
2021-12-09,47824.3
2021-12-08,50519.6
2021-12-07,50604.3
2021-12-06,50556.9
2021-12-05,49310.2
2021-12-04,49105.5
2021-12-03,53672.5
2021-12-02,56479.5
2021-12-01,57180.1
2021-11-30,57057.5
2021-11-29,57879
2021-11-28,57212.2
2021-11-27,54760.4
2021-11-26,53700.6
2021-11-25,58975.4
2021-11-24,57162.6
2021-11-23,57566.8
2021-11-22,56415.1
2021-11-21,58671.2
2021-11-20,59760.7
2021-11-19,58115.9
2021-11-18,56898
2021-11-17,60394.9
2021-11-16,60107.9
2021-11-15,63835.2
2021-11-14,65312.6
2021-11-13,64400
2021-11-12,64293.3
2021-11-11,64820.9
2021-11-10,64976.6
2021-11-09,66938
2021-11-08,67582.6
2021-11-07,63272.2
2021-11-06,61539.3
2021-11-05,61073.1
2021-11-04,61411.4
2021-11-03,62998.9
2021-11-02,63152.2
2021-11-01,60949.5
2021-10-31,61343.6
2021-10-30,61892.4
2021-10-29,62258
2021-10-28,60608.1
2021-10-27,58455.4
2021-10-26,60437.1
2021-10-25,62996.6
2021-10-24,60838.8
2021-10-23,61284.9
2021-10-22,60687.6
2021-10-21,62210.8
2021-10-20,66017.7
2021-10-19,64300
2021-10-18,61986.7
2021-10-17,61571.8
2021-10-16,60883.8
2021-10-15,61691.2
2021-10-14,57359.5
2021-10-13,57376.6
2021-10-12,56007.4
2021-10-11,57487.4
2021-10-10,54690.5
2021-10-09,55074.1
2021-10-08,53963.8
2021-10-07,53775
2021-10-06,55344.5
2021-10-05,51487.9
2021-10-04,49178.3
2021-10-03,48174.3
2021-10-02,47662.4
2021-10-01,48159.5
2021-09-30,43824.4
2021-09-29,41522.1
2021-09-28,41049
2021-09-27,42171.7
2021-09-26,43228.5
2021-09-25,42705.5
2021-09-24,42840.7
2021-09-23,44879.6
2021-09-22,43575.1
2021-09-21,40683
2021-09-20,43012.9
2021-09-19,47255.9
2021-09-18,48213.7
2021-09-17,47235
2021-09-16,47801.5
2021-09-15,48130.2
2021-09-14,47039.2
2021-09-13,45005.2
2021-09-12,46016.1
2021-09-11,45171.8
2021-09-10,44851.4
2021-09-09,46300
2021-09-08,46073.5
2021-09-07,46894.5
2021-09-06,52656.2
2021-09-05,51751.5
2021-09-04,49960.7
2021-09-03,50025
2021-09-02,49338.3
2021-09-01,48839.8
2021-08-31,47261.2
2021-08-30,46993.7
2021-08-29,48919.3
2021-08-28,48889.9
2021-08-27,49077.5
2021-08-26,47071.4
2021-08-25,48987.3
2021-08-24,47667.3
2021-08-23,49506.5
2021-08-22,49284.6
2021-08-21,48990.9
2021-08-20,49296.4
2021-08-19,46765.8
2021-08-18,44837.6
2021-08-17,44671.5
2021-08-16,45874.7
2021-08-15,47050.2
2021-08-14,47113.6
2021-08-13,47837.4
2021-08-12,44461.4
2021-08-11,45553.4
2021-08-10,45586.5
2021-08-09,46339.9
2021-08-08,43765.1
2021-08-07,44699.6
2021-08-06,42869.5
2021-08-05,40888.7
2021-08-04,39729.5
2021-08-03,38191.4
2021-08-02,39149.5
2021-08-01,39865.4
2021-07-31,41697.2
2021-07-30,42137.4
2021-07-29,40033.5
2021-07-28,40035.1
2021-07-27,39488.7
2021-07-26,37262.7
2021-07-25,35428.2
2021-07-24,34252.6
2021-07-23,33521.4
2021-07-22,32290.3
2021-07-21,32135.1
2021-07-20,29789.9
2021-07-19,30842
2021-07-18,31788.2
2021-07-17,31576.2
2021-07-16,31381.1
2021-07-15,31868.6
2021-07-14,32816.3
2021-07-13,32577.5
2021-07-12,33091.1
2021-07-11,34259.2
2021-07-10,33515.3
2021-07-09,33824.2
2021-07-08,32854.1
2021-07-07,33878.5
2021-07-06,34111.9
2021-07-05,33764.3
2021-07-04,35312.8
2021-07-03,34682.1
2021-07-02,33805
2021-07-01,33524.5
2021-06-30,35069.6
2021-06-29,35904.2
2021-06-28,34493.2
2021-06-27,34709.2
2021-06-26,32275.1
2021-06-25,31596.6
2021-06-24,34654.5
2021-06-23,33674.2
2021-06-22,32538.3
2021-06-21,31608.1
2021-06-20,35631
2021-06-19,35484.7
2021-06-18,35767.7
2021-06-17,38094.7
2021-06-16,38351
2021-06-15,40242.3
2021-06-14,40530.6
2021-06-13,39015.2
2021-06-12,35517.3
2021-06-11,37349.9
2021-06-10,36694
2021-06-09,37373
2021-06-08,33416.6
2021-06-07,33583.3
2021-06-06,35800.4
2021-06-05,35530.6
2021-06-04,36952.8
2021-06-03,39244.9
2021-06-02,37581.8
2021-06-01,36685
2021-05-31,37271.8
2021-05-30,35646.4
2021-05-29,34618.7
2021-05-28,35670.5
2021-05-27,38556.8
2021-05-26,39293.2
2021-05-25,38200
2021-05-24,38878.5
2021-05-23,34742.5
2021-05-22,37596.1
2021-05-21,37340.7
2021-05-20,40623.2
2021-05-19,36941
2021-05-18,42857.1
2021-05-17,43580.5
2021-05-16,46450.7
2021-05-15,46795.7
2021-05-14,49961.6
2021-05-13,49694.4
2021-05-12,49498.7
2021-05-11,56755.9
2021-05-10,55804.8
2021-05-09,58238.4
2021-05-08,58958
2021-05-07,57392.4
2021-05-06,56444.5
2021-05-05,57515.6
2021-05-04,53241.9
2021-05-03,57197.5
2021-05-02,56625.1
2021-05-01,57858.2
2021-04-30,57885.2
2021-04-29,53583.6
2021-04-28,54894
2021-04-27,55046.7
2021-04-26,54017.2
2021-04-25,49059.5
2021-04-24,50046.4
2021-04-23,51076
2021-04-22,51701.5
2021-04-21,53808.7
2021-04-20,56423
2021-04-19,55670.9
2021-04-18,56274.4
2021-04-17,60141.1
2021-04-16,61427.2
2021-04-15,63237
2021-04-14,62624.5
2021-04-13,63588.2
2021-04-12,59886.1
2021-04-11,59989.2
2021-04-10,59778.6
2021-04-09,58092.6
2021-04-08,58019.8
2021-04-07,55955.7
2021-04-06,58014.5
2021-04-05,59123
2021-04-04,58200.2
2021-04-03,57094.3
2021-04-02,58978.5
2021-04-01,58726.4
2021-03-31,58800
2021-03-30,58786.4
2021-03-29,57613.1
2021-03-28,55778.8
2021-03-27,55880.1
2021-03-26,55072.4
2021-03-25,51325
2021-03-24,52267
2021-03-23,54582.7
2021-03-22,54100
2021-03-21,57465.1
2021-03-20,58126.1
2021-03-19,58050.6
2021-03-18,57644.9
2021-03-17,58927.5
2021-03-16,56919.2
2021-03-15,55743.9
2021-03-14,59423
2021-03-13,61283.8
2021-03-12,57271.2
2021-03-11,57797
2021-03-10,55972.8
2021-03-09,54916.3
2021-03-08,52304.2
2021-03-07,50941.2
2021-03-06,48909.8
2021-03-05,48879.2
2021-03-04,48533
2021-03-03,50368.2
2021-03-02,48513
2021-03-01,49593.8
2021-02-28,45260.1
2021-02-27,46189.9
2021-02-26,46320.7
2021-02-25,47135.4
2021-02-24,49737.8
2021-02-23,48899.9
2021-02-22,54141.9
2021-02-21,57489.1
2021-02-20,56104.9
2021-02-19,55971.5
2021-02-18,51601.7
2021-02-17,52173.5
2021-02-16,49158.7
2021-02-15,47936.3
2021-02-14,48680.6
2021-02-13,47239.8
2021-02-12,47431.2
2021-02-11,47997.9
2021-02-10,44850
2021-02-09,46517.4
2021-02-08,46375.9
2021-02-07,38871.4
2021-02-06,39267.8
2021-02-05,38311.4
2021-02-04,37000.2
2021-02-03,37552.5
2021-02-02,35512.6
2021-02-01,33533.1
2021-01-31,33224.6
2021-01-30,34361.5
2021-01-29,34190.5
2021-01-28,33488.8
2021-01-27,30417.7
2021-01-26,32597.3
2021-01-25,32277.4
2021-01-24,32288.5
2021-01-23,32114.2
2021-01-22,32983.5
2021-01-21,30854.7
2021-01-20,35497.3
2021-01-19,35922.7
2021-01-18,36700
2021-01-17,35824.3
2021-01-16,36200.6
2021-01-15,36760
2021-01-14,39133.1
2021-01-13,37369
2021-01-12,34039
2021-01-11,35481.7
2021-01-10,38171.5
2021-01-09,40257.4
2021-01-08,40675.8
2021-01-07,39505.5
2021-01-06,36825
2021-01-05,34085.6
2021-01-04,32023.9
2021-01-03,33086.2
2021-01-02,32149.9
2021-01-01,29388.3
2020-12-31,28990
2020-12-30,28897.4
2020-12-29,27394.4
2020-12-28,27038
2020-12-27,26258.6
2020-12-26,26475.3
2020-12-25,24703.3
2020-12-24,23719.4
2020-12-23,23224.3
2020-12-22,23825.9
2020-12-21,22729.4
2020-12-20,23530
2020-12-19,23874.5
2020-12-18,23140.3
2020-12-17,22826.4
2020-12-16,21359.6
2020-12-15,19452.5
2020-12-14,19272.3
2020-12-13,19168.5
2020-12-12,18811.5
2020-12-11,18056.7
2020-12-10,18279
2020-12-09,18559.9
2020-12-08,18319.7
2020-12-07,19202.1
2020-12-06,19348.4
2020-12-05,19135.9
2020-12-04,18739.5
2020-12-03,19465.1
2020-12-02,19204.6
2020-12-01,18870.8
2020-11-30,19684
2020-11-29,18190
2020-11-28,17723.5
2020-11-27,17153.9
2020-11-26,17076
2020-11-25,18769.4
2020-11-24,19129.3
2020-11-23,18398.9
2020-11-22,18426.2
2020-11-21,18718.8
2020-11-20,18656
2020-11-19,17842
2020-11-18,17845.5
2020-11-17,17686.6
2020-11-16,16743
2020-11-15,15979.5
2020-11-14,16082
2020-11-13,16333.8
2020-11-12,16276.6
2020-11-11,15701.3
2020-11-10,15315
2020-11-09,15317.6
2020-11-08,15502.9
2020-11-07,14834
2020-11-06,15599.9
2020-11-05,15608.2
2020-11-04,14161.4
2020-11-03,14035.8
2020-11-02,13562.7
2020-11-01,13748
2020-10-31,13803.2
2020-10-30,13571.2
2020-10-29,13456.5
2020-10-28,13285.8
2020-10-27,13793.7
2020-10-26,13085.1
2020-10-25,13041.6
2020-10-24,13128.3
2020-10-23,12937
2020-10-22,12986.8
2020-10-21,12844.4
2020-10-20,11923.8
2020-10-19,11760.4
2020-10-18,11514.2
2020-10-17,11367.8
2020-10-16,11328.9
2020-10-15,11500.1
2020-10-14,11427.7
2020-10-13,11429.9
2020-10-12,11535.4
2020-10-11,11381.7
2020-10-10,11302.9
2020-10-09,11067
2020-10-08,10906.3
2020-10-07,10670.4
2020-10-06,10606.1
2020-10-05,10795
2020-10-04,10671.1
2020-10-03,10551.6
2020-10-02,10573.1
2020-10-01,10612.4
2020-09-30,10779.6
2020-09-29,10840.4
2020-09-28,10695.5
2020-09-27,10770
2020-09-26,10735.6
2020-09-25,10690.5
2020-09-24,10740
2020-09-23,10235.1
2020-09-22,10532.8
2020-09-21,10414.4
2020-09-20,10920.8
2020-09-19,11080
2020-09-18,10937.5
2020-09-17,10943.6
2020-09-16,10959.6
2020-09-15,10783.7
2020-09-14,10671.4
2020-09-13,10323.3
2020-09-12,10445.2
2020-09-11,10383.9
2020-09-10,10344.2
2020-09-09,10216.4
2020-09-08,10125.6
2020-09-07,10375
2020-09-06,10257.8
2020-09-05,10168.3
2020-09-04,10483.5
2020-09-03,10264.1
2020-09-02,11405.6
2020-09-01,11929.8
2020-08-31,11655
2020-08-30,11716
2020-08-29,11474.3
2020-08-28,11535
2020-08-27,11329.1
2020-08-26,11463.2
2020-08-25,11324.9
2020-08-24,11753.8
2020-08-23,11650
2020-08-22,11684.5
2020-08-21,11507.2
2020-08-20,11864.2
2020-08-19,11747.7
2020-08-18,11950
2020-08-17,12305.5
2020-08-16,11907.7
2020-08-15,11859.2
2020-08-14,11767.5
2020-08-13,11788.4
2020-08-12,11571.6
2020-08-11,11388.9
2020-08-10,11876.2
2020-08-09,11688.4
2020-08-08,11774.9
2020-08-07,11606.5
2020-08-06,11773.8
2020-08-05,11756.7
2020-08-04,11197
2020-08-03,11252.4
2020-08-02,11068.5
2020-08-01,11810
2020-07-31,11342.5
2020-07-30,11119.6
2020-07-29,11098.8
2020-07-28,10923.9
2020-07-27,11020
2020-07-26,9941
2020-07-25,9696.19
2020-07-24,9543.79
2020-07-23,9613.24
2020-07-22,9535.99
2020-07-21,9392.79
2020-07-20,9163.75
2020-07-19,9214.74
2020-07-18,9175.85
2020-07-17,9152.64
2020-07-16,9130.11
2020-07-15,9190.16
2020-07-14,9256.94
2020-07-13,9242.31
2020-07-12,9292.6
2020-07-11,9235.21
2020-07-10,9289.81
2020-07-09,9237.32
2020-07-08,9435.28
2020-07-07,9253.94
2020-07-06,9343.18
2020-07-05,9073.49
2020-07-04,9134.23
2020-07-03,9063.87
2020-07-02,9091.53
2020-07-01,9239.96
2020-06-30,9136.2
2020-06-29,9184.45
2020-06-28,9124.04
2020-06-27,9002.51
2020-06-26,9155
2020-06-25,9244.77
2020-06-24,9274.04
2020-06-23,9623.56
2020-06-22,9697.17
2020-06-21,9286.14
2020-06-20,9355.74
2020-06-19,9279.4
2020-06-18,9382.01
2020-06-17,9457.51
2020-06-16,9526.25
2020-06-15,9427.86
2020-06-14,9333.45
2020-06-13,9475
2020-06-12,9454
2020-06-11,9268.16
2020-06-10,9896.56
2020-06-09,9763.79
2020-06-08,9783.37
2020-06-07,9744.14
2020-06-06,9660.75
2020-06-05,9624.99
2020-06-04,9788.03
2020-06-03,9655.62
2020-06-02,9522.45
2020-06-01,10210.1
2020-05-31,9446.57
2020-05-30,9689.12
2020-05-29,9427.01
2020-05-28,9561.26
2020-05-27,9208.53
2020-05-26,8844.42
2020-05-25,8899.31
2020-05-24,8714.4
2020-05-23,9177.95
2020-05-22,9168.84
2020-05-21,9058.71
2020-05-20,9516
2020-05-19,9776.57
2020-05-18,9728.52
2020-05-17,9666.27
2020-05-16,9383.16
2020-05-15,9312.1
2020-05-14,9799.12
2020-05-13,9318.04
2020-05-12,8796.25
2020-05-11,8601.4
2020-05-10,8741.86
2020-05-09,9558.85
2020-05-08,9810
2020-05-07,10000
2020-05-06,9157.11
2020-05-05,8989.4
2020-05-04,8883.53
2020-05-03,8905.49
2020-05-02,8985
2020-05-01,8829.42
2020-04-30,8624.28
2020-04-29,8780.01
2020-04-28,7758.4
2020-04-27,7785.73
2020-04-26,7692.05
2020-04-25,7543.29
2020-04-24,7508.67
2020-04-23,7472.45
2020-04-22,7136.84
2020-04-21,6853.68
2020-04-20,6838.19
2020-04-19,7130.71
2020-04-18,7254.33
2020-04-17,7036.25
2020-04-16,7112.78
2020-04-15,6624.12
2020-04-14,6877.37
2020-04-13,6861.21
2020-04-12,6908.13
2020-04-11,6889.65
2020-04-10,6871.91
2020-04-09,7293.24
2020-04-08,7370.11
2020-04-07,7209.62
2020-04-06,7341.56
2020-04-05,6794.49
2020-04-04,6874.77
2020-04-03,6741.99
2020-04-02,6805.12
2020-04-01,6664.85
2020-03-31,6445.67
2020-03-30,6406.4
2020-03-29,5902.05
2020-03-28,6251.82
2020-03-27,6372.36
2020-03-26,6759.85
2020-03-25,6690
2020-03-24,6766.65
2020-03-23,6499.12
2020-03-22,5834.78
2020-03-21,6198.78
2020-03-20,6201.61
2020-03-19,6186.95
2020-03-18,5413.64
2020-03-17,5331.72
2020-03-16,5024
2020-03-15,5342.64
2020-03-14,5165.25
2020-03-13,5637.6
2020-03-12,4857.1
2020-03-11,7938.05
2020-03-10,7884.87
2020-03-09,7934.52
2020-03-08,8033.54
2020-03-07,8901.37
2020-03-06,9145.77
2020-03-05,9060.93
2020-03-04,8760.66
2020-03-03,8757.84
2020-03-02,8915
2020-03-01,8522.33
2020-02-29,8556.58
2020-02-28,8708.89
2020-02-27,8812.49
2020-02-26,8778.29
2020-02-25,9304.99
2020-02-24,9660
2020-02-23,9966
2020-02-22,9668.23
2020-02-21,9700.35
2020-02-20,9622.89
2020-02-19,9600.08
2020-02-18,10188
2020-02-17,9700
2020-02-16,9921
2020-02-15,9911.21
2020-02-14,10371.3
2020-02-13,10236.4
2020-02-12,10351.1
2020-02-11,10270
2020-02-10,9851.78
2020-02-09,10168.8
2020-02-08,9905.64
2020-02-07,9808.04
2020-02-06,9763.01
2020-02-05,9613.82
2020-02-04,9164.33
2020-02-03,9290.23
2020-02-02,9323.5
2020-02-01,9382.65
2020-01-31,9334.98
2020-01-30,9503.08
2020-01-29,9290.62
2020-01-28,9394.5
2020-01-27,8895.95
2020-01-26,8595
2020-01-25,8326.81
2020-01-24,8427.26
2020-01-23,8385.21
2020-01-22,8653.84
2020-01-21,8722.03
2020-01-20,8619.52
2020-01-19,8697.53
2020-01-18,8909.32
2020-01-17,8899.42
2020-01-16,8714.76
2020-01-15,8808.81
2020-01-14,8822.71
2020-01-13,8104.5
2020-01-12,8165.21
2020-01-11,8021.84
2020-01-10,8170.27
2020-01-09,7813.78
2020-01-08,8045.51
2020-01-07,8168.44
2020-01-06,7770.88
2020-01-05,7342.49
2020-01-04,7347.49
2020-01-03,7308.09
2020-01-02,6946.33
2020-01-01,7177.57
2019-12-31,7177.36
2019-12-30,7220
2019-12-29,7389
2019-12-28,7300.42
2019-12-27,7240.4
2019-12-26,7195.96
2019-12-25,7195.81
2019-12-24,7232.76
2019-12-23,7323.21
2019-12-22,7515.3
2019-12-21,7143.01
2019-12-20,7182.77
2019-12-19,7150.01
2019-12-18,7294.81
2019-12-17,6615.8
2019-12-16,6884.75
2019-12-15,7112.63
2019-12-14,7071.01
2019-12-13,7248.23
2019-12-12,7189.41
2019-12-11,7194.13
2019-12-10,7226.98
2019-12-09,7341.49
2019-12-08,7529.21
2019-12-07,7500.03
2019-12-06,7540.87
2019-12-05,7394.99
2019-12-04,7213.61
2019-12-03,7298.2
2019-12-02,7305
2019-12-01,7404.27
2019-11-30,7551.99
2019-11-29,7760
2019-11-28,7432.12
2019-11-27,7523.72
2019-11-26,7172.15
2019-11-25,7127.01
2019-11-24,6908.64
2019-11-23,7330.98
2019-11-22,7298.18
2019-11-21,7616.46
2019-11-20,8082.96
2019-11-19,8123.36
2019-11-18,8168.84
2019-11-17,8500.01
2019-11-16,8480.79
2019-11-15,8457.48
2019-11-14,8635.01
2019-11-13,8758.34
2019-11-12,8795.77
2019-11-11,8721.54
2019-11-10,9038.2
2019-11-09,8810.76
2019-11-08,8763.01
2019-11-07,9205.76
2019-11-06,9341.27
2019-11-05,9309
2019-11-04,9412.53
2019-11-03,9206.52
2019-11-02,9308.51
2019-11-01,9253.12
2019-10-31,9159.48
2019-10-30,9164.45
2019-10-29,9430.79
2019-10-28,9219.94
2019-10-27,9548.84
2019-10-26,9259.78
2019-10-25,8668
2019-10-24,7430.87
2019-10-23,7474.85
2019-10-22,8024.72
2019-10-21,8209.92
2019-10-20,8236.04
2019-10-19,7965.28
2019-10-18,7954.16
2019-10-17,8076.2
2019-10-16,7993.54
2019-10-15,8162.44
2019-10-14,8355
2019-10-13,8282.96
2019-10-12,8309.03
2019-10-11,8267.33
2019-10-10,8587.5
2019-10-09,8590.01
2019-10-08,8180
2019-10-07,8209
2019-10-06,7859.79
2019-10-05,8147.63
2019-10-04,8156.67
2019-10-03,8240.41
2019-10-02,8381.71
2019-10-01,8322.73
2019-09-30,8304.95
2019-09-29,8052.4
2019-09-28,8217.46
2019-09-27,8193.99
2019-09-26,8068.2
2019-09-25,8438.35
2019-09-24,8530.01
2019-09-23,9693.75
2019-09-22,10026.8
2019-09-21,9975.12
2019-09-20,10168.8
2019-09-19,10287.7
2019-09-18,10155.2
2019-09-17,10185.3
2019-09-16,10262.5
2019-09-15,10304.4
2019-09-14,10360.2
2019-09-13,10367.4
2019-09-12,10423.7
2019-09-11,10160.2
2019-09-10,10084.1
2019-09-09,10310
2019-09-08,10398.9
2019-09-07,10484.3
2019-09-06,10306.9
2019-09-05,10574.7
2019-09-04,10582.2
2019-09-03,10628.4
2019-09-02,10381.2
2019-09-01,9766.52
2019-08-31,9600.86
2019-08-30,9582.42
2019-08-29,9495
2019-08-28,9714.31
2019-08-27,10171.8
2019-08-26,10361.6
2019-08-25,10140.9
2019-08-24,10147.9
2019-08-23,10410.8
2019-08-22,10107.1
2019-08-21,10130
2019-08-20,10769
2019-08-19,10920
2019-08-18,10315.4
2019-08-17,10215.2
2019-08-16,10352.7
2019-08-15,10300
2019-08-14,9971.71
2019-08-13,10868.5
2019-08-12,11389.3
2019-08-11,11540.7
2019-08-10,11280.9
2019-08-09,11856.1
2019-08-08,11982.4
2019-08-07,11983.7
2019-08-06,11465.4
2019-08-05,11819.4
2019-08-04,10977.5
2019-08-03,10820.7
2019-08-02,10533
2019-08-01,10405.9
2019-07-31,10086.3
2019-07-30,9589.01
2019-07-29,9495
2019-07-28,9532.99
2019-07-27,9479.98
2019-07-26,9843
2019-07-25,9883.34
2019-07-24,9767.87
2019-07-23,9840.12
2019-07-22,10323.3
2019-07-21,10590.7
2019-07-20,10761
2019-07-19,10518.5
2019-07-18,10651.4
2019-07-17,9696.31
2019-07-16,9422.71
2019-07-15,10854.4
2019-07-14,10195.6
2019-07-13,11370.1
2019-07-12,11802
2019-07-11,11349
2019-07-10,12097.9
2019-07-09,12561
2019-07-08,12293.5
2019-07-07,11474.4
2019-07-06,11237.7
2019-07-05,11004.5
2019-07-04,11137.8
2019-07-03,11976
2019-07-02,10829.1
2019-07-01,10577.6
2019-06-30,10760.1
2019-06-29,11865.2
2019-06-28,12360.4
2019-06-27,11159.2
2019-06-26,12927.4
2019-06-25,11755.5
2019-06-24,11032.3
2019-06-23,10833
2019-06-22,10666.8
2019-06-21,10220
2019-06-20,9531.21
2019-06-19,9277.29
2019-06-18,9071.95
2019-06-17,9331.75
2019-06-16,8978.66
2019-06-15,8860.23
2019-06-14,8697.45
2019-06-13,8239.04
2019-06-12,8176.02
2019-06-11,7918.17
2019-06-10,8015.69
2019-06-09,7635.06
2019-06-08,7930.14
2019-06-07,7998.13
2019-06-06,7802.57
2019-06-05,7789.48
2019-06-04,7670.96
2019-06-03,8107.96
2019-06-02,8736.54
2019-06-01,8558.95
2019-05-31,8566.04
2019-05-30,8279.69
2019-05-29,8662.44
2019-05-28,8715.36
2019-05-27,8768.62
2019-05-26,8731.96
2019-05-25,8063.81
2019-05-24,8002.21
2019-05-23,7881.98
2019-05-22,7626.48
2019-05-21,7951.7
2019-05-20,7999.54
2019-05-19,8196.59
2019-05-18,7262.4
2019-05-17,7361.1
2019-05-16,7878.96
2019-05-15,8204.24
2019-05-14,7990.92
2019-05-13,7825.41
2019-05-12,6979.76
2019-05-11,7223.21
2019-05-10,6343.14
2019-05-09,6153.09
2019-05-08,5943.6
2019-05-07,5743.3
2019-05-06,5687.9
2019-05-05,5715.86
2019-05-04,5770.01
2019-05-03,5657.4
2019-05-02,5390.01
2019-05-01,5321.15
2019-04-30,5267.43
2019-04-29,5148.25
2019-04-28,5155
2019-04-27,5170.6
2019-04-26,5159.51
2019-04-25,5125.3
2019-04-24,5443.14
2019-04-23,5532.85
2019-04-22,5387.6
2019-04-21,5297.64
2019-04-20,5319.89
2019-04-19,5290.36
2019-04-18,5282.32
2019-04-17,5227
2019-04-16,5204.92
2019-04-15,5029.99
2019-04-14,5164
2019-04-13,5066.22
2019-04-12,5078.18
2019-04-11,5041.32
2019-04-10,5320.81
2019-04-09,5193.49
2019-04-08,5285.54
2019-04-07,5190.2
2019-04-06,5049.22
2019-04-05,5040.66
2019-04-04,4906.49
2019-04-03,4975.07
2019-04-02,4901.93
2019-04-01,4137.01
2019-03-31,4095
2019-03-30,4094.14
2019-03-29,4091.01
2019-03-28,4011.17
2019-03-27,4026.53
2019-03-26,3922.42
2019-03-25,3908.01
2019-03-24,3969.52
2019-03-23,3983.43
2019-03-22,3983.78
2019-03-21,3972.76
2019-03-20,4033
2019-03-19,4000.85
2019-03-18,3970.5
2019-03-17,3967.01
2019-03-16,3990
2019-03-15,3902.8
2019-03-14,3853.95
2019-03-13,3851.02
2019-03-12,3860
2019-03-11,3849.68
2019-03-10,3900.92
2019-03-09,3917
2019-03-08,3843.12
2019-03-07,3857.05
2019-03-06,3851.89
2019-03-05,3844.59
2019-03-04,3700.72
2019-03-03,3786.93
2019-03-02,3809.7
2019-03-01,3806.17
2019-02-28,3792.14
2019-02-27,3799.91
2019-02-26,3799.48
2019-02-25,3818.79
2019-02-24,3734.22
2019-02-23,4110
2019-02-22,3942.02
2019-02-21,3897.71
2019-02-20,3938.99
2019-02-19,3888.01
2019-02-18,3867
2019-02-17,3625.08
2019-02-16,3582.37
2019-02-15,3566.59
2019-02-14,3561.5
2019-02-13,3576.68
2019-02-12,3588.06
2019-02-11,3590.36
2019-02-10,3648.84
2019-02-09,3623.73
2019-02-08,3621.99
2019-02-07,3359
2019-02-06,3367.36
2019-02-05,3428.4
2019-02-04,3409.57
2019-02-03,3414.78
2019-02-02,3468.43
2019-02-01,3437.5
2019-01-31,3411.5
2019-01-30,3437.55
2019-01-29,3397.42
2019-01-28,3429.95
2019-01-27,3531.02
2019-01-26,3556.07
2019-01-25,3562.17
2019-01-24,3568.97
2019-01-23,3553.01
2019-01-22,3577.03
2019-01-21,3531.76
2019-01-20,3536.19
2019-01-19,3682.65
2019-01-18,3607.85
2019-01-17,3640.65
2019-01-16,3609.71
2019-01-15,3580.76
2019-01-14,3664.19
2019-01-13,3514.24
2019-01-12,3619.41
2019-01-11,3635.69
2019-01-10,3626.12
2019-01-09,4004.12
2019-01-08,3993.86
2019-01-07,4006.01
2019-01-06,4040.99
2019-01-05,3798.62
2019-01-04,3820.25
2019-01-03,3787.57
2019-01-02,3890.79
2019-01-01,3826.1
2018-12-31,3691.86
2018-12-30,3829
2018-12-29,3729.31
2018-12-28,3888.06
2018-12-27,3589.89
2018-12-26,3809.88
2018-12-25,3780
2018-12-24,4034
2018-12-23,3944.93
2018-12-22,3980.46
2018-12-21,3839.06
2018-12-20,4075.34
2018-12-19,3682.51
2018-12-18,3667.77
2018-12-17,3496.82
2018-12-16,3195
2018-12-15,3183
2018-12-14,3195.71
2018-12-13,3265
2018-12-12,3430.24
2018-12-11,3349.36
2018-12-10,3410.15
2018-12-09,3531.18
2018-12-08,3401
2018-12-07,3380.01
2018-12-06,3433.26
2018-12-05,3694.39
2018-12-04,3901.84
2018-12-03,3833.47
2018-12-02,4103.19
2018-12-01,4142.01
2018-11-30,3976
2018-11-29,4248
2018-11-28,4225.03
2018-11-27,3775
2018-11-26,3731.32
2018-11-25,3936.69
2018-11-24,3774.99
2018-11-23,4283.8
2018-11-22,4265.36
2018-11-21,4545.11
2018-11-20,4349.23
2018-11-19,4733.5
2018-11-18,5560
2018-11-17,5504.17
2018-11-16,5512.24
2018-11-15,5579.52
2018-11-14,5605.46
2018-11-13,6259.34
2018-11-12,6327.87
2018-11-11,6357.6
2018-11-10,6347.42
2018-11-09,6334.89
2018-11-08,6406.24
2018-11-07,6503.12
2018-11-06,6448.5
2018-11-05,6404
2018-11-04,6423.28
2018-11-03,6331.96
2018-11-02,6349.8
2018-11-01,6344
2018-10-31,6304.18
2018-10-30,6267.63
2018-10-29,6266
2018-10-28,6403.62
2018-10-27,6409.12
2018-10-26,6404.87
2018-10-25,6395.58
2018-10-24,6415.98
2018-10-23,6395.14
2018-10-22,6407.65
2018-10-21,6415.88
2018-10-20,6414
2018-10-19,6382.99
2018-10-18,6394.96
2018-10-17,6443.7
2018-10-16,6457.11
2018-10-15,6440.42
2018-10-14,6183.49
2018-10-13,6196
2018-10-12,6188.01
2018-10-11,6154.69
2018-10-10,6524.56
2018-10-09,6589.48
2018-10-08,6608.07
2018-10-07,6570
2018-10-06,6552.43
2018-10-05,6593.94
2018-10-04,6547.45
2018-10-03,6466.03
2018-10-02,6498.46
2018-10-01,6572.83
2018-09-30,6605
2018-09-29,6581
2018-09-28,6620.01
2018-09-27,6680.01
2018-09-26,6455.66
2018-09-25,6436.89
2018-09-24,6582.09
2018-09-23,6696.99
2018-09-22,6707.33
2018-09-21,6750
2018-09-20,6493.11
2018-09-19,6386.94
2018-09-18,6335.7
2018-09-17,6250.7
2018-09-16,6498
2018-09-15,6518.68
2018-09-14,6478.04
2018-09-13,6485.99
2018-09-12,6326
2018-09-11,6282.53
2018-09-10,6300
2018-09-09,6235.01
2018-09-08,6188
2018-09-07,6395.01
2018-09-06,6495
2018-09-05,6687.96
2018-09-04,7360
2018-09-03,7256.98
2018-09-02,7295
2018-09-01,7191.08
2018-08-31,7015.01
2018-08-30,6983
2018-08-29,7030.9
2018-08-28,7071.01
2018-08-27,6911.9
2018-08-26,6709.98
2018-08-25,6737.52
2018-08-24,6690.88
2018-08-23,6526.36
2018-08-22,6359.99
2018-08-21,6475.89
2018-08-20,6258.74
2018-08-19,6489.53
2018-08-18,6396.64
2018-08-17,6585.49
2018-08-16,6315.9
2018-08-15,6269.01
2018-08-14,6195.01
2018-08-13,6253.67
2018-08-12,6316.01
2018-08-11,6235.56
2018-08-10,6146.01
2018-08-09,6546.45
2018-08-08,6282.5
2018-08-07,6718.22
2018-08-06,6938
2018-08-05,7030.01
2018-08-04,7005
2018-08-03,7414.08
2018-08-02,7533.92
2018-08-01,7603.99
2018-07-31,7727.27
2018-07-30,8170.01
2018-07-29,8216.34
2018-07-28,8228.9
2018-07-27,8184.21
2018-07-26,7931.99
2018-07-25,8157.15
2018-07-24,8385.5
2018-07-23,7720.09
2018-07-22,7397.8
2018-07-21,7408
2018-07-20,7334.46
2018-07-19,7470.01
2018-07-18,7378.99
2018-07-17,7315.01
2018-07-16,6728.81
2018-07-15,6348.73
2018-07-14,6248.65
2018-07-13,6216.29
2018-07-12,6249.75
2018-07-11,6390.04
2018-07-10,6303.7
2018-07-09,6664.01
2018-07-08,6701.97
2018-07-07,6753.28
2018-07-06,6600
2018-07-05,6532.95
2018-07-04,6587.47
2018-07-03,6502.62
2018-07-02,6611.79
2018-07-01,6349.5
2018-06-30,6383.19
2018-06-29,6202.36
2018-06-28,5851.66
2018-06-27,6132.17
2018-06-26,6074
2018-06-25,6246.01
2018-06-24,6149.99
2018-06-23,6178.29
2018-06-22,6059.82
2018-06-21,6719.01
2018-06-20,6759.18
2018-06-19,6736.41
2018-06-18,6709.02
2018-06-17,6447.16
2018-06-16,6484.29
2018-06-15,6391.22
2018-06-14,6638.49
2018-06-13,6302.31
2018-06-12,6545
2018-06-11,6881
2018-06-10,6770.31
2018-06-09,7496.4
2018-06-08,7618.8
2018-06-07,7684.93
2018-06-06,7655
2018-06-05,7612.51
2018-06-04,7487.37
2018-06-03,7706.37
2018-06-02,7636.42
2018-06-01,7514.32
2018-05-31,7485
2018-05-30,7380.01
2018-05-29,7460
2018-05-28,7107.94
2018-05-27,7346.64
2018-05-26,7337.95
2018-05-25,7459.11
2018-05-24,7584.15
2018-05-23,7505
2018-05-22,7987.7
2018-05-21,8393.44
2018-05-20,8516.86
2018-05-19,8235.6
2018-05-18,8238.51
2018-05-17,8059
2018-05-16,8344
2018-05-15,8477.46
2018-05-14,8670
2018-05-13,8686.1
2018-05-12,8475
2018-05-11,8403.33
2018-05-10,9010.51
2018-05-09,9300.08
2018-05-08,9177.82
2018-05-07,9353
2018-05-06,9600
2018-05-05,9800
2018-05-04,9685
2018-05-03,9725.74
2018-05-02,9190.48
2018-05-01,9072.29
2018-04-30,9243.83
2018-04-29,9389.01
2018-04-28,9329.99
2018-04-27,8922.55
2018-04-26,9272.11
2018-04-25,8865.98
2018-04-24,9645.1
2018-04-23,8931.3
2018-04-22,8795.01
2018-04-21,8915.42
2018-04-20,8866.27
2018-04-19,8274
2018-04-18,8152.05
2018-04-17,7892.1
2018-04-16,8048.93
2018-04-15,8355.25
2018-04-14,8003.11
2018-04-13,7893.19
2018-04-12,7916
2018-04-11,6942.99
2018-04-10,6824.99
2018-04-09,6771.13
2018-04-08,7020.01
2018-04-07,6894.01
2018-04-06,6619.01
2018-04-05,6785.85
2018-04-04,6791.68
2018-04-03,7424.9
2018-04-02,7045.01
2018-04-01,6816.01
2018-03-31,6928.5
2018-03-30,6848.01
2018-03-29,7080
2018-03-28,7942.72
2018-03-27,7793.61
2018-03-26,8145
2018-03-25,8453
2018-03-24,8531.34
2018-03-23,8927.1
2018-03-22,8715.09
2018-03-21,8891.81
2018-03-20,8900
2018-03-19,8589
2018-03-18,8192
2018-03-17,7857.6
2018-03-16,8275
2018-03-15,8259.99
2018-03-14,8207.02
2018-03-13,9145.41
2018-03-12,9120
2018-03-11,9533.88
2018-03-10,8795.44
2018-03-09,9255
2018-03-08,9304.89
2018-03-07,9925
2018-03-06,10700
2018-03-05,11377.54
2018-03-04,11469.9
2018-03-03,11432.5
2018-03-02,11000
2018-03-01,10895.92
2018-02-28,10307.27
2018-02-27,10566.57
2018-02-26,10300
2018-02-25,9597.99
2018-02-24,9688.62
2018-02-23,10144.99
2018-02-22,9830
2018-02-21,10454.27
2018-02-20,11235.57
2018-02-19,11140
2018-02-18,10380.04
2018-02-17,11121.5
2018-02-16,10167.49
2018-02-15,10031.23
2018-02-14,9472.98
2018-02-13,8520.01
2018-02-12,8872.28
2018-02-11,8072.99
2018-02-10,8547.49
2018-02-09,8671.01
2018-02-08,8218.1
2018-02-07,7575.75
2018-02-06,7688.46
2018-02-05,6905.19
2018-02-04,8167.91
2018-02-03,9240
2018-02-02,8787.52
2018-02-01,9014.23
2018-01-31,10099.99
2018-01-30,9995
2018-01-29,11123.01
2018-01-28,11536
2018-01-27,11319
2018-01-26,11086.89
2018-01-25,11118
2018-01-24,11356.79
2018-01-23,10824.94
2018-01-22,10766.7
2018-01-21,11518.17
2018-01-20,12762.8
2018-01-19,11498.99
2018-01-18,11305.53
2018-01-17,11200.01
2018-01-16,11570.01
2018-01-15,13590
2018-01-14,13656.23
2018-01-13,14187.95
2018-01-12,13820
2018-01-11,13308.06
2018-01-10,14875.18
2018-01-09,14480.99
2018-01-08,14993.74
2018-01-07,16174.22
2018-01-06,17098.99
2018-01-05,16960.01
2018-01-04,15144.99
2018-01-03,15098.14
2018-01-02,14781.51
2018-01-01,13480.01
2017-12-31,13863.13
2017-12-30,12839.99
2017-12-29,14565.05
2017-12-28,14450.01
2017-12-27,15367.08
2017-12-26,15790.88
2017-12-25,14171.98
2017-12-24,14221.94
2017-12-23,15075.89
2017-12-22,14210.57
2017-12-21,15758.8
2017-12-20,16496.89
2017-12-19,17838.73
2017-12-18,19039.01
2017-12-17,19378.99
2017-12-16,19650.01
2017-12-15,17738.67
2017-12-14,16749.78
2017-12-13,16689.61
2017-12-12,17730.12
2017-12-11,16885.76
2017-12-10,15290.01
2017-12-09,15309.98
2017-12-08,16367.03
2017-12-07,17390.01
2017-12-06,14090
2017-12-05,11718.35
2017-12-04,11643.98
2017-12-03,11290
2017-12-02,10930.24
2017-12-01,10869.84
2017-11-30,9903
2017-11-29,9935.98
2017-11-28,9949
2017-11-27,9768.71
2017-11-26,9401.11
2017-11-25,8795.5
2017-11-24,8215.01
2017-11-23,8031.16
2017-11-22,8250
2017-11-21,8109
2017-11-20,8256.01
2017-11-19,8031.82
2017-11-18,7777.01
2017-11-17,7714.71
2017-11-16,7838.53
2017-11-15,7294
2017-11-14,6605
2017-11-13,6535.87
2017-11-12,5886.35
2017-11-11,6346.7
2017-11-10,6577.62
2017-11-09,7156
2017-11-08,7467.96
2017-11-07,7126.63
2017-11-06,6969.76
2017-11-05,7392
2017-11-04,7412.55
2017-11-03,7170.01
2017-11-02,7039.98
2017-11-01,6783.69
2017-10-31,6445.01
2017-10-30,6124.16
2017-10-29,6140.01
2017-10-28,5752.01
2017-10-27,5780
2017-10-26,5891.61
2017-10-25,5739.97
2017-10-24,5525.43
2017-10-23,5905.99
2017-10-22,6005.05
2017-10-21,6024.86
2017-10-20,5989.1
2017-10-19,5704.01
2017-10-18,5574.44
2017-10-17,5594
2017-10-16,5754.9
2017-10-15,5693.7
2017-10-14,5819.13
2017-10-13,5624.8
2017-10-12,5440
2017-10-11,4814.99
2017-10-10,4750
2017-10-09,4769.55
2017-10-08,4603.49
2017-10-07,4425
2017-10-06,4362.99
2017-10-05,4320.04
2017-10-04,4214.84
2017-10-03,4307.99
2017-10-02,4392.71
2017-10-01,4394.81
2017-09-30,4339
2017-09-29,4156.99
2017-09-28,4189.42
2017-09-27,4200
2017-09-26,3885.09
2017-09-25,3919.78
2017-09-24,3669.01
2017-09-23,3787.33
2017-09-22,3619.01
2017-09-21,3617.47
2017-09-20,3872.06
2017-09-19,3910.11
2017-09-18,4100
2017-09-17,3719.97
2017-09-16,3726.51
2017-09-15,3740.02
2017-09-14,3250.4
2017-09-13,3855.32
2017-09-12,4164.52
2017-09-11,4210.72
2017-09-10,4251.36
2017-09-09,4334.36
2017-09-08,4350
2017-09-07,4624.18
2017-09-06,4616.18
2017-09-05,4432.51
2017-09-04,4498.25
2017-09-03,4626.05
2017-09-02,4649.99
2017-09-01,4947.99
2017-08-31,4743.94
2017-08-30,4581.98
2017-08-29,4599
2017-08-28,4384.99
2017-08-27,4340.11
2017-08-26,4344.32
2017-08-25,4360
2017-08-24,4312.03
2017-08-23,4143.49
2017-08-22,4092
2017-08-21,4002
2017-08-20,4050.99
2017-08-19,4157.41
2017-08-18,4101.72
2017-08-17,4280.01
2017-08-16,4370.01
2017-08-15,4159.93
2017-08-14,4320.6
2017-08-13,4060.47
2017-08-12,3874
2017-08-11,3656.15
2017-08-10,3444.98
2017-08-09,3342.8
2017-08-08,3422.43
2017-08-07,3398.23
2017-08-06,3222.22
2017-08-05,3243.49
2017-08-04,2857.34
2017-08-03,2787.02
2017-08-02,2699.9
2017-08-01,2732.59
2017-07-31,2856.88
2017-07-30,2723.99
2017-07-29,2700.21
2017-07-28,2786.07
2017-07-27,2664.99
2017-07-26,2525.99
2017-07-25,2564
2017-07-24,2762.26
2017-07-23,2754.28
2017-07-22,2825.27
2017-07-21,2657.45
2017-07-20,2873.48
2017-07-19,2258.99
2017-07-18,2308.15
2017-07-17,2235.19
2017-07-16,1911.78
2017-07-15,1964.31
2017-07-14,2217.24
2017-07-13,2340
2017-07-12,2383.42
2017-07-11,2310.01
2017-07-10,2331.05
2017-07-09,2508.99
2017-07-08,2561.11
2017-07-07,2501.15
2017-07-06,2604.84
2017-07-05,2616.96
2017-07-04,2602
2017-07-03,2542.41
2017-07-02,2516.66
2017-07-01,2423.63
2017-06-30,2455.19
2017-06-29,2530
2017-06-28,2553.12
2017-06-27,2575.75
2017-06-26,2407.91
2017-06-25,2505.61
2017-06-24,2574.84
2017-06-23,2690.76
2017-06-22,2679.99
2017-06-21,2643.35
2017-06-20,2725.08
2017-06-19,2596.98
2017-06-18,2515.25
2017-06-17,2634.94
2017-06-16,2480.43
2017-06-15,2409.98
2017-06-14,2432.21
2017-06-13,2709.01
2017-06-12,2655.71
2017-06-11,2998.98
2017-06-10,2931.15
2017-06-09,2811.39
2017-06-08,2799.73
2017-06-07,2685.64
2017-06-06,2871.29
2017-06-05,2698
2017-06-04,2521.36
2017-06-03,2548.05
2017-06-02,2478.99
2017-06-01,2419.99
2017-05-31,2303.29
2017-05-30,2191.58
2017-05-29,2279.48
2017-05-28,2232.78
2017-05-27,2099.99
2017-05-26,2272.7
2017-05-25,2355
2017-05-24,2432.97
2017-05-23,2272.75
2017-05-22,2123.29
2017-05-21,2057
2017-05-20,2058.91
2017-05-19,1976.23
2017-05-18,1899.16
2017-05-17,1813.23
2017-05-16,1777.48
2017-05-15,1747.81
2017-05-14,1799.99
2017-05-13,1792.73
2017-05-12,1695.61
2017-05-11,1837.93
2017-05-10,1794.99
2017-05-09,1720.43
2017-05-08,1713
2017-05-07,1609.57
2017-05-06,1585.39
2017-05-05,1551.3
2017-05-04,1563.39
2017-05-03,1533
2017-05-02,1471.99
2017-05-01,1436.5
2017-04-30,1384.55
2017-04-29,1365.43
2017-04-28,1353.34
2017-04-27,1349.26
2017-04-26,1298.44
2017-04-25,1281.16
2017-04-24,1257.29
2017-04-23,1251.98
2017-04-22,1247
2017-04-21,1249.99
2017-04-20,1236.15
2017-04-19,1214.21
2017-04-18,1201.94
2017-04-17,1189.91
2017-04-16,1177.99
2017-04-15,1178.85
2017-04-14,1173.74
2017-04-13,1177.05
2017-04-12,1214.17
2017-04-11,1223.99
2017-04-10,1210
2017-04-09,1210.97
2017-04-08,1184.5
2017-04-07,1194
2017-04-06,1192.3
2017-04-05,1132.99
2017-04-04,1143.99
2017-04-03,1152.6
2017-04-02,1113.99
2017-04-01,1092
2017-03-31,1088.99
2017-03-30,1042.34
2017-03-29,1043.27
2017-03-28,1045.4
2017-03-27,1042.08
2017-03-26,973.08
2017-03-25,963.72
2017-03-24,934.87
2017-03-23,1025.14
2017-03-22,1034.57
2017-03-21,1114.42
2017-03-20,1044.96
2017-03-19,1019.49
2017-03-18,970
2017-03-17,1069.57
2017-03-16,1175.11
2017-03-15,1263
2017-03-14,1247.42
2017-03-13,1245.49
2017-03-12,1235.58
2017-03-11,1188.11
2017-03-10,1109.01
2017-03-09,1197.3
2017-03-08,1150.22
2017-03-07,1237.36
2017-03-06,1284.99
2017-03-05,1278.98
2017-03-04,1273.97
2017-03-03,1292.86
2017-03-02,1269.17
2017-03-01,1230
2017-02-28,1195.08
2017-02-27,1195.81
2017-02-26,1184.91
2017-02-25,1158
2017-02-24,1186.91
2017-02-23,1186.9
2017-02-22,1128.71
2017-02-21,1128.29
2017-02-20,1089.82
2017-02-19,1059.88
2017-02-18,1062.15
2017-02-17,1057.3
2017-02-16,1038.94
2017-02-15,1014.53
2017-02-14,1013.92
2017-02-13,1002.82
2017-02-12,1010
2017-02-11,1018.65
2017-02-10,1001.99
2017-02-09,994.24
2017-02-08,1056.7
2017-02-07,1053.96
2017-02-06,1022.58
2017-02-05,1016.32
2017-02-04,1035.54
2017-02-03,1018
2017-02-02,1008.38
2017-02-01,992.75
2017-01-31,970.01
2017-01-30,923.23
2017-01-29,916.54
2017-01-28,924.98
2017-01-27,922.63
2017-01-26,917.02
2017-01-25,896
2017-01-24,887
2017-01-23,910.7
2017-01-22,931.22
2017-01-21,925.06
2017-01-20,894.31
2017-01-19,902.92
2017-01-18,887.99
2017-01-17,906
2017-01-16,834.41
2017-01-15,833.31
2017-01-14,828
2017-01-13,831.42
2017-01-12,812.25
2017-01-11,795.77
2017-01-10,907
2017-01-09,902.66
2017-01-08,923.33
2017-01-07,909
2017-01-06,895.71
2017-01-05,1007
2017-01-04,1130.3
2017-01-03,1020.67
2017-01-02,1011.45
2017-01-01,992.95
2016-12-31,973.37
2016-12-30,960.81
2016-12-29,970.72
2016-12-28,982.17
2016-12-27,925.2
2016-12-26,902.09
2016-12-25,896.12
2016-12-24,891.5
2016-12-23,917.26
2016-12-22,856.02
2016-12-21,834.5
2016-12-20,798.99
2016-12-19,790.81
2016-12-18,790.72
2016-12-17,788.57
2016-12-16,780.98
2016-12-15,776.16
2016-12-14,777.66
2016-12-13,776.18
2016-12-12,778.94
2016-12-11,771.05
2016-12-10,775.87
2016-12-09,773.22
2016-12-08,767.89
2016-12-07,764.34
2016-12-06,759.8
2016-12-05,752
2016-12-04,767.99
2016-12-03,766.98
2016-12-02,769.25
2016-12-01,754
2016-11-30,742.69
2016-11-29,732.37
2016-11-28,729.77
2016-11-27,729.24
2016-11-26,735.7
2016-11-25,739.74
2016-11-24,737.99
2016-11-23,741.52
2016-11-22,746.66
2016-11-21,736.4
2016-11-20,731.99
2016-11-19,750.77
2016-11-18,748.54
2016-11-17,730.71
2016-11-16,739.85
2016-11-15,712.29
2016-11-14,708.32
2016-11-13,704.01
2016-11-12,704.53
2016-11-11,716.9
2016-11-10,712.91
2016-11-09,720.97
2016-11-08,711.15
2016-11-07,706.42
2016-11-06,717.02
2016-11-05,706.99
2016-11-04,706.32
2016-11-03,690
2016-11-02,744.6
2016-11-01,730.7
2016-10-31,696.9
2016-10-30,697.41
2016-10-29,714.28
2016-10-28,689.95
2016-10-27,691.21
2016-10-26,674
2016-10-25,654.3
2016-10-24,649.98
2016-10-23,651.04
2016-10-22,652.75
2016-10-21,630.83
2016-10-20,628.05
2016-10-19,629.79
2016-10-18,635.11
2016-10-17,639.56
2016-10-16,641.92
2016-10-15,638.16
2016-10-14,638.03
2016-10-13,635.66
2016-10-12,635.79
2016-10-11,642.12
2016-10-10,618.72
2016-10-09,617.42
2016-10-08,619.5
2016-10-07,617.98
2016-10-06,611.88
2016-10-05,613.16
2016-10-04,610.34
2016-10-03,612.99
2016-10-02,612.4
2016-10-01,615.65
2016-09-30,608.99
2016-09-29,605.99
2016-09-28,605.04
2016-09-27,605.71
2016-09-26,607.08
2016-09-25,601.67
2016-09-24,603.68
2016-09-23,602.96
2016-09-22,596.21
2016-09-21,597
2016-09-20,605.6
2016-09-19,608.6
2016-09-18,611.4
2016-09-17,607.92
2016-09-16,607.93
2016-09-15,605.44
2016-09-14,608.43
2016-09-13,608.63
2016-09-12,606.74
2016-09-11,607.94
2016-09-10,623.74
2016-09-09,622.07
2016-09-08,627.97
2016-09-07,615.21
2016-09-06,612.99
2016-09-05,605.69
2016-09-04,611.92
2016-09-03,600.91
2016-09-02,576.21
2016-09-01,573.02
2016-08-31,572.89
2016-08-30,574.95
2016-08-29,573.21
2016-08-28,575.41
2016-08-27,570.84
2016-08-26,579.29
2016-08-25,575.58
2016-08-24,578.47
2016-08-23,582.39
2016-08-22,585.2
2016-08-21,581.29
2016-08-20,581.87
2016-08-19,573.67
2016-08-18,574.09
2016-08-17,574.45
2016-08-16,579.02
2016-08-15,567.79
2016-08-14,574.99
2016-08-13,586.45
2016-08-12,587.74
2016-08-11,587.91
2016-08-10,594.94
2016-08-09,586.45
2016-08-08,591.48
2016-08-07,595.14
2016-08-06,591.71
2016-08-05,583
2016-08-04,587.5
2016-08-03,573.36
2016-08-02,537.47
2016-08-01,605.2
2016-07-31,626.97
2016-07-30,655.87
2016-07-29,657
2016-07-28,657.4
2016-07-27,657.35
2016-07-26,654.06
2016-07-25,657.79
2016-07-24,661
2016-07-23,657.5
2016-07-22,654.67
2016-07-21,667.28
2016-07-20,666.92
2016-07-19,673.98
2016-07-18,675.5
2016-07-17,680
2016-07-16,666.32
2016-07-15,667.48
2016-07-14,661.65
2016-07-13,655.34
2016-07-12,666.56
2016-07-11,650.97
2016-07-10,652.44
2016-07-09,657.61
2016-07-08,667.33
2016-07-07,641.97
2016-07-06,678.79
2016-07-05,669.87
2016-07-04,681.98
2016-07-03,663.55
2016-07-02,704.95
2016-07-01,678.19
2016-06-30,673.49
2016-06-29,639.42
2016-06-28,648.43
2016-06-27,657.87
2016-06-26,638.56
2016-06-25,673.71
2016-06-24,669.98
2016-06-23,631.1
2016-06-22,604.5
2016-06-21,667.66
2016-06-20,703.12
2016-06-19,768.76
2016-06-18,758.99
2016-06-17,752.26
2016-06-16,769.76
2016-06-15,698.78
2016-06-14,684.95
2016-06-13,706.01
2016-06-12,677.86
2016-06-11,609.5
2016-06-10,580.31
2016-06-09,577.46
2016-06-08,583.21
2016-06-07,579.71
2016-06-06,586.77
2016-06-05,575.17
2016-06-04,576.31
2016-06-03,571.25
2016-06-02,537.87
2016-06-01,534.84
2016-05-31,531.34
2016-05-30,532.55
2016-05-29,525.22
2016-05-28,523.25
2016-05-27,471.27
2016-05-26,454.97
2016-05-25,451.49
2016-05-24,446.99
2016-05-23,445.67
2016-05-22,442.48
2016-05-21,446.28
2016-05-20,445.65
2016-05-19,438.38
2016-05-18,455.56
2016-05-17,454.19
2016-05-16,455.66
2016-05-15,461.47
2016-05-14,458.9
2016-05-13,457.98
2016-05-12,456.48
2016-05-11,454.37
2016-05-10,452.78
2016-05-09,464.16
2016-05-08,462.79
2016-05-07,461.91
2016-05-06,462.31
2016-05-05,449.98
2016-05-04,448.68
2016-05-03,452.21
2016-05-02,446.42
2016-05-01,456.98
2016-04-30,454.02
2016-04-29,458.82
2016-04-28,451.68
2016-04-27,445.31
2016-04-26,470.59
2016-04-25,466.17
2016-04-24,464.46
2016-04-23,455.69
2016-04-22,448.41
2016-04-21,452.25
2016-04-20,442.96
2016-04-19,437.06
2016-04-18,430.97
2016-04-17,431
2016-04-16,433.39
2016-04-15,430.93
2016-04-14,426.32
2016-04-13,425.58
2016-04-12,427.8
2016-04-11,423.94
2016-04-10,423.4
2016-04-09,419.46
2016-04-08,419.48
2016-04-07,421.99
2016-04-06,421.46
2016-04-05,422.36
2016-04-04,419.47
2016-04-03,420.16
2016-04-02,419.95
2016-04-01,417.68
2016-03-31,416.03
2016-03-30,412.79
2016-03-29,416.39
2016-03-28,423
2016-03-27,425.3
2016-03-26,416.97
2016-03-25,416.41
2016-03-24,412.95
2016-03-23,417.53
2016-03-22,416.66
2016-03-21,412
2016-03-20,411.27
2016-03-19,410.2
2016-03-18,409.65
2016-03-17,418.41
2016-03-16,416.07
2016-03-15,415.41
2016-03-14,415.02
2016-03-13,412.52
2016-03-12,410.58
2016-03-11,419.39
2016-03-10,415.98
2016-03-09,412.8
2016-03-08,411.18
2016-03-07,412.21
2016-03-06,403.24
2016-03-05,396.08
2016-03-04,407.35
2016-03-03,418.8
2016-03-02,420.39
2016-03-01,433.08
2016-02-29,436.44
2016-02-28,433.73
2016-02-27,433.12
2016-02-26,430.85
2016-02-25,423.54
2016-02-24,423.94
2016-02-23,419.97
2016-02-22,437.55
2016-02-21,438.56
2016-02-20,437.46
2016-02-19,420.72
2016-02-18,421.19
2016-02-17,415.2
2016-02-16,407.42
2016-02-15,398.95
2016-02-14,406.59
2016-02-13,391
2016-02-12,382.05
2016-02-11,378.23
2016-02-10,378.44
2016-02-09,372.68
2016-02-08,371.14
2016-02-07,377.49
2016-02-06,375.44
2016-02-05,384.5
2016-02-04,387.99
2016-02-03,368.87
2016-02-02,372.93
2016-02-01,371.33
2016-01-31,367.95
2016-01-30,378.46
2016-01-29,378.68
2016-01-28,379.61
2016-01-27,394.79
2016-01-26,391.54
2016-01-25,391.4
2016-01-24,403.05
2016-01-23,387.5
2016-01-22,382.9
2016-01-21,409.38
2016-01-20,418.54
2016-01-19,375.27
2016-01-18,384.89
2016-01-17,378.46
2016-01-16,388.7
2016-01-15,357.53
2016-01-14,430.03
2016-01-13,432.77
2016-01-12,434.01
2016-01-11,449.19
2016-01-10,449.99
2016-01-09,450.38
2016-01-08,454.44
2016-01-07,459.07
2016-01-06,430.87
2016-01-05,433.34
2016-01-04,433.85
2016-01-03,431.91
2016-01-02,435.4
2016-01-01,435.66
2015-12-31,430.35
2015-12-30,427.95
2015-12-29,433.89
2015-12-28,421.94
2015-12-27,424.72
2015-12-26,419.41
2015-12-25,455.84
2015-12-24,455.74
2015-12-23,442.43
2015-12-22,433.92
2015-12-21,436.81
2015-12-20,442.22
2015-12-19,461.29
2015-12-18,463.17
2015-12-17,455.5
2015-12-16,453.97
2015-12-15,464.27
2015-12-14,444.01
2015-12-13,433.83
2015-12-12,436.87
2015-12-11,452.95
2015-12-10,415.68
2015-12-09,418.39
2015-12-08,418.94
2015-12-07,394.73
2015-12-06,387.55
2015-12-05,387.99
2015-12-04,363.98
2015-12-03,361.77
2015-12-02,360
2015-12-01,362.68
2015-11-30,376.86
2015-11-29,372.24
2015-11-28,357.24
2015-11-27,358.19
2015-11-26,352.57
2015-11-25,328.98
2015-11-24,321
2015-11-23,323
2015-11-22,323.71
2015-11-21,327
2015-11-20,322.39
2015-11-19,326.41
