Exchange,Volume,ds
Binance,7534304917.3,2023-04-27
Coinbase,2173823560.7,2023-04-27
Bybit,1326138132.4,2023-04-27
MEXC_Global,1128236846.2,2023-04-27
Gate.io,1113556046.1,2023-04-27
KuCoin,952992295.1,2023-04-27
OKX,907484844,2023-04-27
Bitget,859992729.5,2023-04-27
Huobi,740126519.1,2023-04-27
Kraken,599265517.9,2023-04-27
Binance_US,260780221.3,2023-04-27
Bitfinex,212432668.6,2023-04-27
Bitstamp,140497796.7,2023-04-27
Gemini,42021911.6,2023-04-27
Binance,9226561734,2023-04-26
Coinbase,1522483356.5,2023-04-26
MEXC_Global,1135326636,2023-04-26
OKX,1111312075.7,2023-04-26
Bybit,992880351.3,2023-04-26
Gate.io,938984371.7,2023-04-26
KuCoin,769152962.8,2023-04-26
Kraken,734950804.1,2023-04-26
Bitget,678546920.3,2023-04-26
Huobi,620350145.3,2023-04-26
Binance_US,319353407,2023-04-26
Bitstamp,172309248.1,2023-04-26
Bitfinex,147221275,2023-04-26
Gemini,36757095.5,2023-04-26
Binance,5604645532,2023-04-25
MEXC_Global,885211556,2023-04-25
Coinbase_Exchange,858642629.7,2023-04-25
Gate.io,711160309.4,2023-04-25
OKX,675063176.8,2023-04-25
Bybit,544387587.8,2023-04-25
Bitget,529456319.8,2023-04-25
KuCoin,511276544.9,2023-04-25
Huobi,459553831.9,2023-04-25
Kraken,445783760.2,2023-04-25
Binance US,193486797.4,2023-04-25
Bitstamp,104513956.1,2023-04-25
Bitfinex,71135848.91,2023-04-25
Gemini,21270831.41,2023-04-25
Binance,5222876816,2023-04-24
MEXC_Global,980410547.5,2023-04-24
Coinbase_Exchange,747344484.7,2023-04-24
Gate.io,657828630.2,2023-04-24
OKX,629080148.7,2023-04-24
KuCoin,557387945.9,2023-04-24
Bitget,522211379.4,2023-04-24
Bybit,516279052.7,2023-04-24
Huobi,458753493.5,2023-04-24
Kraken,402746005.1,2023-04-24
Binance US,180776349.1,2023-04-24
Bitfinex,107136308.4,2023-04-24
Bitstamp,96939030.54,2023-04-24
Gemini,17736763.28,2023-04-24
Binance,3819621462,2023-04-23
MEXC_Global,796015268.5,2023-04-23
Coinbase_Exchange,560756165.6,2023-04-23
Bitget,549762020.5,2023-04-23
Gate.io,524257186.3,2023-04-23
OKX,460062067.5,2023-04-23
KuCoin,451462536.1,2023-04-23
Bybit,446081639.8,2023-04-23
Huobi,413921013.3,2023-04-23
Kraken,191307141.1,2023-04-23
Binance US,132206350.5,2023-04-23
Bitstamp,71227377.36,2023-04-23
Bitfinex,58616999.51,2023-04-23
Gemini,12292829.45,2023-04-23
Binance,7727999826,2023-04-22
Coinbase_Exchange,1222894453,2023-04-22
OKX,930814699.7,2023-04-22
MEXC_Global,859728287.9,2023-04-22
Bitget,791945821.8,2023-04-22
Gate.io,786805347.3,2023-04-22
Bybit,681616468.7,2023-04-22
KuCoin,654588687.1,2023-04-22
Huobi,516730283,2023-04-22
Kraken,498370741.9,2023-04-22
Binance US,267484716,2023-04-22
Bitstamp,144109770.5,2023-04-22
Bitfinex,138882285.3,2023-04-22
Gemini,39812341.71,2023-04-22
Binance,8426379145,2023-04-21
Coinbase_Exchange,1546777194,2023-04-21
Gate.io,1032626861,2023-04-21
OKX,1014932625,2023-04-21
MEXC_Global,995216631.7,2023-04-21
Bybit,881898213,2023-04-21
KuCoin,873073855.5,2023-04-21
Bitget,799076149.2,2023-04-21
Kraken,636080115.5,2023-04-21
Huobi,564525096.2,2023-04-21
Binance US,291657324.9,2023-04-21
Bitstamp,157133079.2,2023-04-21
Bitfinex,155608402,2023-04-21
Gemini,21206389.01,2023-04-21
Binance,9552262971,2023-04-20
Coinbase_Exchange,1593178321,2023-04-20
OKX,1150541942,2023-04-20
MEXC_Global,1145475411,2023-04-20
Gate.io,998522386.9,2023-04-20
Bitget,910277209.5,2023-04-20
KuCoin,853204610.4,2023-04-20
Bybit,780900722.2,2023-04-20
Kraken,671804766,2023-04-20
Huobi,532686812,2023-04-20
Binance US,330626655.7,2023-04-20
Bitfinex,189987560.9,2023-04-20
Bitstamp,178128196.1,2023-04-20
Gemini,34661203.18,2023-04-20
Binance,14507592735,2023-04-19
OKX,1995161826,2023-04-19
Coinbase_Exchange,1754212346,2023-04-19
MEXC_Global,1446586226,2023-04-19
Gate.io,1188211539,2023-04-19
KuCoin,1046166727,2023-04-19
Bybit,927852725.6,2023-04-19
Kraken,856837050.2,2023-04-19
Bitget,726058454.2,2023-04-19
Huobi,653727635.8,2023-04-19
Binance US,631730741.9,2023-04-19
Bitstamp,270780459.2,2023-04-19
Bitfinex,245875559.8,2023-04-19
Gemini,35624456.4,2023-04-19
Binance,7562898239,2023-04-18
Coinbase_Exchange,1298210258,2023-04-18
Gate.io,1014050008,2023-04-18
MEXC_Global,958276430.7,2023-04-18
OKX,910928880.8,2023-04-18
KuCoin,807939751.7,2023-04-18
Bybit,667407948.7,2023-04-18
Kraken,601539706.5,2023-04-18
Bitget,600457625.9,2023-04-18
Huobi,533087033.4,2023-04-18
Binance US,261770042.3,2023-04-18
Bitfinex,148390390.5,2023-04-18
Bitstamp,141030968,2023-04-18
Gemini,36079771.26,2023-04-18
Binance,8288585632,2023-04-17
Coinbase_Exchange,1395121625,2023-04-17
Gate.io,1171202414,2023-04-17
OKX,998335633.2,2023-04-17
MEXC_Global,855352473.1,2023-04-17
KuCoin,845331754.4,2023-04-17
Bybit,700849964.6,2023-04-17
Bitget,642943151.8,2023-04-17
Huobi,513076695.8,2023-04-17
Kraken,505528272.7,2023-04-17
Binance US,286887962.8,2023-04-17
Bitfinex,183357779.7,2023-04-17
Bitstamp,154563695.1,2023-04-17
Gemini,25898507.51,2023-04-17
Binance,3921108290,2023-04-16
Coinbase_Exchange,772762131.9,2023-04-16
MEXC_Global,714829408.6,2023-04-16
Bitget,583897603.3,2023-04-16
Gate.io,579532473.2,2023-04-16
KuCoin,495969594.8,2023-04-16
OKX,472285888.2,2023-04-16
Huobi,441947628.5,2023-04-16
Bybit,426114193.6,2023-04-16
Kraken,244083121.8,2023-04-16
Binance US,135718918.1,2023-04-16
Bitfinex,88307308.68,2023-04-16
Bitstamp,44742280.93,2023-04-16
Gemini,15492882.05,2023-04-16
Binance,7169191688,2023-04-15
MEXC_Global,1494071297,2023-04-15
Coinbase_Exchange,1473594971,2023-04-15
Gate.io,1059592975,2023-04-15
OKX,863507950.8,2023-04-15
KuCoin,861659014.8,2023-04-15
Bitget,806694608.9,2023-04-15
Bybit,791137403.1,2023-04-15
Kraken,503417917.5,2023-04-15
Huobi,494456001.7,2023-04-15
Binance US,248142870.7,2023-04-15
Bitfinex,152253540.4,2023-04-15
Bitstamp,133689223.7,2023-04-15
Gemini,32350590.36,2023-04-15
Binance,10003654616,2023-04-14
Coinbase_Exchange,1849001375,2023-04-14
Gate.io,1478521213,2023-04-14
OKX,1204910613,2023-04-14
KuCoin,917702896.2,2023-04-14
Bybit,906812809.1,2023-04-14
MEXC_Global,900586702.9,2023-04-14
Bitget,801101533,2023-04-14
Kraken,756898479.9,2023-04-14
Huobi,563808198.1,2023-04-14
Binance US,346250346.6,2023-04-14
Bitfinex,243564231,2023-04-14
Bitstamp,186545737.7,2023-04-14
Gemini,35684377.72,2023-04-14
Binance,7799428496,2023-04-13
Coinbase_Exchange,1469321075,2023-04-13
MEXC_Global,1393671866,2023-04-13
Gate.io,1152740830,2023-04-13
OKX,939418126.7,2023-04-13
Bitget,759246235.5,2023-04-13
KuCoin,747369579.3,2023-04-13
Bybit,723374250.3,2023-04-13
Kraken,620352977.6,2023-04-13
Huobi,581421299.1,2023-04-13
Binance US,269053048.5,2023-04-13
Bitfinex,171515264.3,2023-04-13
Bitstamp,145441921.3,2023-04-13
Gemini,31688125.29,2023-04-13
Binance,8118405152,2023-04-12
Coinbase_Exchange,1308114431,2023-04-12
MEXC_Global,1168942785,2023-04-12
OKX,953381024.6,2023-04-12
Gate.io,830786590.9,2023-04-12
KuCoin,717343692,2023-04-12
Kraken,645723671.4,2023-04-12
Bitget,606898269.9,2023-04-12
Bybit,598206740.9,2023-04-12
Huobi,475180843,2023-04-12
Binance US,273969442.3,2023-04-12
Bitfinex,227731115.4,2023-04-12
Bitstamp,147603568.2,2023-04-12
Gemini,31848191.24,2023-04-12
Binance,11423420545,2023-04-11
MEXC_Global,1576835894,2023-04-11
Coinbase_Exchange,1570966949,2023-04-11
OKX,1375917504,2023-04-11
Gate.io,1257890619,2023-04-11
Kraken,908598826,2023-04-11
Bybit,828128550.4,2023-04-11
KuCoin,811549707.4,2023-04-11
Bitget,631367593.1,2023-04-11
Huobi,612327171.7,2023-04-11
Binance US,395392112,2023-04-11
Bitfinex,279276977.6,2023-04-11
Bitstamp,213021225.4,2023-04-11
Gemini,40642991.96,2023-04-11
Binance,3879403257,2023-04-10
Coinbase_Exchange,538316354.1,2023-04-10
MEXC_Global,522682146.3,2023-04-10
Bitget,442691380.9,2023-04-10
KuCoin,421590925.9,2023-04-10
Gate.io,408566142.1,2023-04-10
OKX,407701517.7,2023-04-10
Huobi,388061706.8,2023-04-10
Bybit,352622284.1,2023-04-10
Kraken,268743536.2,2023-04-10
Binance US,131582378.9,2023-04-10
Bitfinex,93470763.44,2023-04-10
Bitstamp,70857922.5,2023-04-10
Gemini,9965517.483,2023-04-10
Binance,2907853951,2023-04-09
Coinbase_Exchange,494115192,2023-04-09
Bitget,414976986.2,2023-04-09
MEXC_Global,390564470.4,2023-04-09
KuCoin,389130890.3,2023-04-09
Huobi,378381555.6,2023-04-09
Gate.io,306245751.2,2023-04-09
OKX,305597732.8,2023-04-09
Bybit,250430339.2,2023-04-09
Kraken,166093169.1,2023-04-09
Binance US,98322403.61,2023-04-09
Bitfinex,47794017.05,2023-04-09
Bitstamp,45900002.79,2023-04-09
Gemini,7987009.201,2023-04-09
Binance,2719119819,2023-04-08
Coinbase_Exchange,447324860.3,2023-04-08
Bitget,421235600,2023-04-08
MEXC_Global,365655226.8,2023-04-08
Huobi,361642204.5,2023-04-08
KuCoin,347536068.8,2023-04-08
Gate.io,286368736.1,2023-04-08
OKX,285762880.8,2023-04-08
Bybit,238747836.2,2023-04-08
Kraken,160114192.3,2023-04-08
Binance US,92051689,2023-04-08
Bitfinex,41768214.38,2023-04-08
Bitstamp,35269674.78,2023-04-08
Gemini,10767498.04,2023-04-08
Binance,4305445443,2023-04-07
Coinbase_Exchange,767512378.2,2023-04-07
MEXC_Global,578977106.6,2023-04-07
KuCoin,577285665.3,2023-04-07
Bybit,471411319.3,2023-04-07
Bitget,470213156.9,2023-04-07
Gate.io,453435532.7,2023-04-07
OKX,452475774.4,2023-04-07
Huobi,440633730.9,2023-04-07
Kraken,326973562.3,2023-04-07
Binance US,145754563.2,2023-04-07
Bitfinex,87696167.01,2023-04-07
Bitstamp,67941282.24,2023-04-07
Gemini,17276765.48,2023-04-07
Binance,5875071999,2023-04-06
Coinbase_Exchange,1117294378,2023-04-06
MEXC_Global,779730671.2,2023-04-06
Bybit,682392650.6,2023-04-06
KuCoin,653944919.8,2023-04-06
Gate.io,618743387.1,2023-04-06
OKX,617433899.5,2023-04-06
Bitget,593025643,2023-04-06
Huobi,524993804.4,2023-04-06
Kraken,446177357.9,2023-04-06
Binance US,196293117.2,2023-04-06
Bitfinex,118911151.1,2023-04-06
Bitstamp,111627458.2,2023-04-06
Gemini,30255231.93,2023-04-06
Binance,7313861085,2023-04-05
Coinbase_Exchange,1331125549,2023-04-05
MEXC_Global,919546636.7,2023-04-05
Gate.io,770272152.6,2023-04-05
OKX,768641932.2,2023-04-05
KuCoin,702887239.2,2023-04-05
Bybit,697768535.3,2023-04-05
Bitget,565964689,2023-04-05
Kraken,555445078.4,2023-04-05
Huobi,527231918.1,2023-04-05
Binance US,247599948.7,2023-04-05
Bitstamp,138964957.8,2023-04-05
Bitfinex,129959835.8,2023-04-05
Gemini,30890666.85,2023-04-05
Binance,7863306908,2023-04-04
Coinbase_Exchange,1630673108,2023-04-04
Bybit,936435565.7,2023-04-04
KuCoin,935128832,2023-04-04
Gate.io,828138097.9,2023-04-04
OKX,826385307.5,2023-04-04
MEXC_Global,746467241.2,2023-04-04
Kraken,597172206.9,2023-04-04
Huobi,590198145.9,2023-04-04
Bitget,571076899.1,2023-04-04
Binance US,266200404.9,2023-04-04
Bitfinex,163145731.8,2023-04-04
Bitstamp,149404353.5,2023-04-04
Gemini,37282409.81,2023-04-04
Binance,5218114850,2023-04-03
Coinbase_Exchange,936554392.8,2023-04-03
MEXC_Global,701708877.9,2023-04-03
KuCoin,681541733.8,2023-04-03
Bybit,674524493,2023-04-03
Gate.io,549554958.1,2023-04-03
OKX,548391750.5,2023-04-03
Huobi,449461123.8,2023-04-03
Bitget,444945356.4,2023-04-03
Kraken,396285394.7,2023-04-03
Binance US,176651359.7,2023-04-03
Bitfinex,107081523.5,2023-04-03
Bitstamp,99145368.43,2023-04-03
Gemini,19679683.26,2023-04-03
Binance,2728283129,2023-04-02
Coinbase_Exchange,569144718.3,2023-04-02
Bitget,466213119.1,2023-04-02
Huobi,385489113.8,2023-04-02
MEXC_Global,366887433.6,2023-04-02
KuCoin,365815680.6,2023-04-02
Bybit,322125468.8,2023-04-02
Gate.io,287333977.3,2023-04-02
OKX,286725914.6,2023-04-02
Kraken,207197086.6,2023-04-02
Binance US,92361838.75,2023-04-02
Bitfinex,64290459.39,2023-04-02
Bitstamp,34629284.77,2023-04-02
Gemini,10378962.44,2023-04-02
Binance,4887756226,2023-04-01
Coinbase_Exchange,944985406.8,2023-04-01
MEXC_Global,657283742.9,2023-04-01
Bitget,640116364.3,2023-04-01
KuCoin,592176792.2,2023-04-01
Gate.io,514762726.3,2023-04-01
OKX,513673067.8,2023-04-01
Bybit,480460084.8,2023-04-01
Huobi,430920982.8,2023-04-01
Kraken,371196672,2023-04-01
Binance US,165467791.3,2023-04-01
Bitstamp,92868230.87,2023-04-01
Bitfinex,86523826.66,2023-04-01
Gemini,19648525.75,2023-04-01
Binance,6679328980,2023-03-31
Coinbase_Exchange,1318462076,2023-03-31
MEXC_Global,898206459.1,2023-03-31
Bybit,803103868.7,2023-03-31
Bitget,765497774.3,2023-03-31
KuCoin,720191576.9,2023-03-31
Gate.io,703445216.8,2023-03-31
OKX,701956588.7,2023-03-31
Huobi,540446369.5,2023-03-31
Kraken,507256124,2023-03-31
Binance US,226118829.8,2023-03-31
Bitstamp,126908519,2023-03-31
Bitfinex,122091820.4,2023-03-31
Gemini,23486459.1,2023-03-31
Binance,8033124270,2023-03-30
Coinbase_Exchange,1278916651,2023-03-30
MEXC_Global,1080258803,2023-03-30
KuCoin,898280559.2,2023-03-30
Gate.io,846022706,2023-03-30
Bybit,845578840.5,2023-03-30
OKX,844232066.9,2023-03-30
Bitget,720761874.3,2023-03-30
Kraken,610068992.6,2023-03-30
Huobi,533083825.3,2023-03-30
Binance US,271949482.3,2023-03-30
Bitfinex,219768661.2,2023-03-30
Bitstamp,152631006.6,2023-03-30
Gemini,29637038.61,2023-03-30
Binance,8295766693,2023-03-29
Coinbase_Exchange,1382328701,2023-03-29
MEXC_Global,1073486599,2023-03-29
Bybit,915484829.1,2023-03-29
KuCoin,885538235.4,2023-03-29
OKX,871834194.7,2023-03-29
Bitget,712302829.8,2023-03-29
Kraken,630015137.2,2023-03-29
Huobi,551351696.1,2023-03-29
Binance US,280840790.4,2023-03-29
Bitfinex,158441642.6,2023-03-29
Bitstamp,157621363.4,2023-03-29
Gemini,35524378.72,2023-03-29
Binance,8455747547,2023-03-28
Coinbase_Exchange,1302043540,2023-03-28
Gate.io,890531818.3,2023-03-28
OKX,888647044.1,2023-03-28
Bybit,869498104.9,2023-03-28
MEXC_Global,799294847,2023-03-28
KuCoin,773442243.5,2023-03-28
Bitget,751250347.7,2023-03-28
Kraken,642164597.4,2023-03-28
Huobi,537973710.1,2023-03-28
Binance US,286356088.9,2023-03-28
Bitfinex,186429382,2023-03-28
Bitstamp,160660833.6,2023-03-28
Gemini,34726344.45,2023-03-28
Binance,4528970912,2023-03-27
Coinbase_Exchange,840849898,2023-03-27
Bitget,773917347.1,2023-03-27
MEXC_Global,609035733.6,2023-03-27
Bybit,506849806.3,2023-03-27
KuCoin,506399028.6,2023-03-27
Gate.io,476976526.9,2023-03-27
OKX,475966940.8,2023-03-27
Huobi,427235896.3,2023-03-27
Kraken,343948941.7,2023-03-27
Binance US,153321490.8,2023-03-27
Bitstamp,86051483.08,2023-03-27
Bitfinex,85903636.91,2023-03-27
Gemini,15298876.73,2023-03-27
Binance,3893283580,2023-03-26
Coinbase_Exchange,765977937.9,2023-03-26
Bitget,668989332.7,2023-03-26
MEXC_Global,526462680,2023-03-26
Bybit,506396285.2,2023-03-26
KuCoin,483976296,2023-03-26
Huobi,435055817.1,2023-03-26
Gate.io,410027904.8,2023-03-26
OKX,409160095.9,2023-03-26
Kraken,295672161.4,2023-03-26
Binance US,132534204.1,2023-03-26
Bitfinex,94439978.61,2023-03-26
Bitstamp,73973121.5,2023-03-26
Gemini,16648554.14,2023-03-26
Binance,10802559688,2023-03-24
Coinbase_Exchange,1927406682,2023-03-24
Bybit,1421791007,2023-03-24
Bitget,1331206024,2023-03-24
Gate.io,1137690410,2023-03-24
OKX,1135282735,2023-03-24
Huobi,980580357.1,2023-03-24
KuCoin,977327470.4,2023-03-24
Kraken,820391398.5,2023-03-24
Binance US,365704503.3,2023-03-24
Bitfinex,211496007.4,2023-03-24
Bitstamp,205250925,2023-03-24
Gemini,46707491.62,2023-03-24
Binance,13613302149,2023-03-23
Coinbase_Exchange,2179346537,2023-03-23
MEXC_Global,1830656406,2023-03-23
Gate.io,1433708907,2023-03-23
OKX,1430674369,2023-03-23
Bybit,1399101997,2023-03-23
KuCoin,1124302369,2023-03-23
Kraken,1033850920,2023-03-23
Bitget,953427945.8,2023-03-23
Huobi,779461646.2,2023-03-23
Binance US,460858043.5,2023-03-23
Bitfinex,260219070.7,2023-03-23
Bitstamp,258655489.8,2023-03-23
Gemini,51323331.92,2023-03-23
Binance,8873768722,2023-03-22
Coinbase_Exchange,1677855394,2023-03-22
MEXC_Global,1193304859,2023-03-22
Bitget,937500405.2,2023-03-22
Bybit,935939640.1,2023-03-22
Gate.io,934556647.8,2023-03-22
OKX,932578713.2,2023-03-22
KuCoin,823913284.8,2023-03-22
Kraken,673910868.6,2023-03-22
Huobi,602726520.6,2023-03-22
Binance US,300408086.8,2023-03-22
Bitstamp,168603521.2,2023-03-22
Bitfinex,137273207,2023-03-22
Gemini,31937467.67,2023-03-22
Binance,10763079569,2023-03-21
Coinbase_Exchange,1743005324,2023-03-21
MEXC_Global,1296537404,2023-03-21
Gate.io,1133532506,2023-03-21
OKX,1131133618,2023-03-21
Bybit,905922817.3,2023-03-21
Bitget,887982245.4,2023-03-21
Kraken,817393006,2023-03-21
KuCoin,795806703.2,2023-03-21
Huobi,620983620.8,2023-03-21
Binance US,364367878.6,2023-03-21
Bitstamp,204500665.5,2023-03-21
Bitfinex,136778341.4,2023-03-21
Gemini,35112546.03,2023-03-21
Binance,13577763249,2023-03-20
Coinbase_Exchange,2092028735,2023-03-20
MEXC_Global,1825877282,2023-03-20
Gate.io,1429966043,2023-03-20
OKX,1426939482,2023-03-20
Bybit,1171057357,2023-03-20
Kraken,1010687718,2023-03-20
KuCoin,957679267.5,2023-03-20
Bitget,897821470.6,2023-03-20
Huobi,648958965.5,2023-03-20
Binance US,459654927.1,2023-03-20
Bitfinex,381555043.8,2023-03-20
Bitstamp,225963602.4,2023-03-20
Gemini,38432804.1,2023-03-20
Binance,8238730296,2023-03-19
Coinbase_Exchange,1238019787,2023-03-19
MEXC_Global,1048563697,2023-03-19
Gate.io,867676305.1,2023-03-19
OKX,865839843.3,2023-03-19
Bitget,860810473.2,2023-03-19
Bybit,827821641.1,2023-03-19
KuCoin,725593936.2,2023-03-19
Huobi,539220380.9,2023-03-19
Kraken,491176496,2023-03-19
Binance US,278909976.3,2023-03-19
Bitfinex,165136494.4,2023-03-19
Bitstamp,115443837.2,2023-03-19
Gemini,23954871.46,2023-03-19
Binance,13371696125,2023-03-18
Coinbase_Exchange,2415537771,2023-03-18
Gate.io,1408263722,2023-03-18
OKX,1405283188,2023-03-18
MEXC_Global,1146372331,2023-03-18
Bybit,1101460616,2023-03-18
KuCoin,1045593099,2023-03-18
Kraken,961476439,2023-03-18
Bitget,884342458.4,2023-03-18
Huobi,652750346.3,2023-03-18
Bitfinex,490729626.2,2023-03-18
Binance US,452678694.1,2023-03-18
Bitstamp,249049363.7,2023-03-18
Gemini,51659445.3,2023-03-18
Binance,11998146762,2023-03-17
Coinbase_Exchange,2161168755,2023-03-17
MEXC_Global,1379679416,2023-03-17
Gate.io,1263606001,2023-03-17
OKX,1260931677,2023-03-17
Bybit,1087829497,2023-03-17
KuCoin,925048241.9,2023-03-17
Kraken,911189311,2023-03-17
Bitget,850559141.3,2023-03-17
Huobi,695743098.2,2023-03-17
Binance US,406179315.7,2023-03-17
Bitfinex,401874609.1,2023-03-17
Bitstamp,203954816.8,2023-03-17
Gemini,44268040.14,2023-03-17
Binance,11096701268,2023-03-16
Coinbase_Exchange,2177183044,2023-03-16
MEXC_Global,1492235073,2023-03-16
Bybit,1264753664,2023-03-16
OKX,1166195112,2023-03-16
KuCoin,867705297,2023-03-16
Kraken,842729646.5,2023-03-16
Bitget,791472413,2023-03-16
Huobi,679725983.8,2023-03-16
Binance US,375662163.2,2023-03-16
Bitstamp,210839611.8,2023-03-16
Bitfinex,150565165,2023-03-16
Gemini,31427336.38,2023-03-16
Binance,19603807778,2023-03-15
Coinbase_Exchange,2906697159,2023-03-15
Gate.io,2064609337,2023-03-15
OKX,2060239864,2023-03-15
MEXC_Global,1681458488,2023-03-15
Kraken,1488794805,2023-03-15
KuCoin,1259332922,2023-03-15
Bybit,1146239349,2023-03-15
Bitget,975276786.7,2023-03-15
Huobi,947720552.2,2023-03-15
Binance US,663657690.4,2023-03-15
Bitfinex,401711768.8,2023-03-15
Bitstamp,372476309.2,2023-03-15
Gemini,58100194.24,2023-03-15
Binance,19787915040,2023-03-14
Coinbase_Exchange,2877775650,2023-03-14
Gate.io,2216895142,2023-03-14
OKX,2079588462,2023-03-14
MEXC_Global,1959570842,2023-03-14
Kraken,1598608179,2023-03-14
KuCoin,1228182190,2023-03-14
Bybit,1048002419,2023-03-14
Bitget,1001462728,2023-03-14
Huobi,882797012.1,2023-03-14
Binance US,712608939.5,2023-03-14
Bitfinex,528083672.5,2023-03-14
Bitstamp,399950277.7,2023-03-14
Gemini,70085497.95,2023-03-14
Binance,15331760406,2023-03-13
Coinbase_Exchange,1914933359,2023-03-13
OKX,1615621711,2023-03-13
Gate.io,1338115478,2023-03-13
MEXC_Global,1216989421,2023-03-13
Kraken,1118498866,2023-03-13
KuCoin,1079845735,2023-03-13
Bybit,902403367.2,2023-03-13
Bitget,890801865.7,2023-03-13
Huobi,774742531.9,2023-03-13
Bitfinex,523839869,2023-03-13
Binance US,428317552.9,2023-03-13
Bitstamp,339043937.8,2023-03-13
Gemini,96851430.92,2023-03-13
Binance,11018562864,2023-03-12
OKX,1161108044,2023-03-12
Coinbase_Exchange,980429140.9,2023-03-12
Gate.io,913591291.1,2023-03-12
MEXC_Global,874620631.7,2023-03-12
Kraken,803838005.1,2023-03-12
Bitget,781341414.7,2023-03-12
KuCoin,652903728,2023-03-12
Bybit,603802178.1,2023-03-12
Huobi,599853933.4,2023-03-12
Bitfinex,346344236.6,2023-03-12
Binance US,274201060.7,2023-03-12
Bitstamp,151629850.2,2023-03-12
Gemini,103981660.6,2023-03-12
Binance,18836115456,2023-03-11
Coinbase_Exchange,2149859891,2023-03-11
OKX,1984901645,2023-03-11
Gate.io,1643966324,2023-03-11
MEXC_Global,1495154650,2023-03-11
Kraken,1374152334,2023-03-11
Bybit,1293566394,2023-03-11
KuCoin,1256688570,2023-03-11
Bitget,805137059.8,2023-03-11
Huobi,792356793.8,2023-03-11
Binance US,526217422.3,2023-03-11
Bitfinex,414649366.3,2023-03-11
Bitstamp,310986271,2023-03-11
Gemini,101652235.3,2023-03-11
Binance,15857030390,2023-03-10
Coinbase_Exchange,2391072441,2023-03-10
OKX,1670973216,2023-03-10
Gate.io,1383959732,2023-03-10
MEXC_Global,1258683924,2023-03-10
Bybit,1085381386,2023-03-10
KuCoin,1048242941,2023-03-10
Kraken,1017136288,2023-03-10
Huobi,825810482.1,2023-03-10
Bitget,697873684.1,2023-03-10
Binance US,442991891.4,2023-03-10
Bitstamp,286874502.2,2023-03-10
Bitfinex,228179842.6,2023-03-10
Gemini,70230517.61,2023-03-10
Binance,6778017215,2023-03-09
Coinbase_Exchange,1219407018,2023-03-09
OKX,714250179.5,2023-03-09
Gate.io,591567350,2023-03-09
Bybit,548672540.7,2023-03-09
Huobi,539677933.7,2023-03-09
MEXC_Global,538018902.5,2023-03-09
KuCoin,531492932.3,2023-03-09
Bitget,495257404.3,2023-03-09
Kraken,494477231.1,2023-03-09
Binance US,189354850.5,2023-03-09
Bitstamp,130661588.1,2023-03-09
Bitfinex,106914674.4,2023-03-09
Gemini,23047030.23,2023-03-09
Binance,8110467649,2023-03-08
Coinbase_Exchange,1274803062,2023-03-08
OKX,854660269.1,2023-03-08
Gate.io,707860158.8,2023-03-08
MEXC_Global,643784824,2023-03-08
Kraken,591683475.2,2023-03-08
KuCoin,581184165.7,2023-03-08
Bybit,537369231,2023-03-08
Bitget,495443326.7,2023-03-08
Huobi,457363734.6,2023-03-08
Binance US,226579055.1,2023-03-08
Bitstamp,171249842.4,2023-03-08
Bitfinex,87292573.88,2023-03-08
Gemini,29738136.34,2023-03-08
Binance,5391024746,2023-03-07
Coinbase_Exchange,953896732.6,2023-03-07
OKX,568092383.9,2023-03-07
Gate.io,470514454.8,2023-03-07
KuCoin,439664438.3,2023-03-07
MEXC_Global,427923457.3,2023-03-07
Kraken,393291831.7,2023-03-07
Bitget,390829091.5,2023-03-07
Bybit,364281196,2023-03-07
Huobi,350237908,2023-03-07
Binance US,150606947.6,2023-03-07
Bitstamp,119216253.2,2023-03-07
Bitfinex,59241325.96,2023-03-07
Gemini,14759635.92,2023-03-07
Binance,4524513697,2023-03-06
Coinbase_Exchange,731227998.6,2023-03-06
OKX,476781600.2,2023-03-06
Gate.io,394887627.4,2023-03-06
Bitget,386744834.1,2023-03-06
KuCoin,382237605.5,2023-03-06
MEXC_Global,359142438.3,2023-03-06
Huobi,332486273,2023-03-06
Kraken,330077237,2023-03-06
Bybit,324009502.8,2023-03-06
Binance US,126399599.1,2023-03-06
Bitstamp,100054277.1,2023-03-06
Bitfinex,37717382.35,2023-03-06
Gemini,8963024.405,2023-03-06
Binance,3709347090,2023-03-05
KuCoin,425084294.6,2023-03-05
Bitget,403296859.1,2023-03-05
Coinbase_Exchange,396382543.2,2023-03-05
OKX,390881529.4,2023-03-05
Bybit,330680604.2,2023-03-05
Huobi,329091312.7,2023-03-05
Gate.io,323742044.9,2023-03-05
MEXC_Global,294436901.4,2023-03-05
Kraken,183606716.2,2023-03-05
Binance US,103626519.5,2023-03-05
Bitfinex,50552040.24,2023-03-05
Bitstamp,43906197.86,2023-03-05
Gemini,9141568.769,2023-03-05
Binance,4751125650,2023-03-04
Coinbase_Exchange,723203816.7,2023-03-04
Bitget,541378581.6,2023-03-04
OKX,500661383.9,2023-03-04
Gate.io,414665650.8,2023-03-04
KuCoin,406236162.4,2023-03-04
MEXC_Global,377130131.2,2023-03-04
Huobi,346592288.9,2023-03-04
Kraken,289646406.9,2023-03-04
Bybit,280673022.7,2023-03-04
Binance US,132730476.6,2023-03-04
Bitstamp,63402797.23,2023-03-04
Bitfinex,46889406.87,2023-03-04
Gemini,25662253.59,2023-03-04
Binance,10327824155,2023-03-03
Coinbase_Exchange,1609908769,2023-03-03
OKX,1088319777,2023-03-03
Gate.io,901385161.8,2023-03-03
MEXC_Global,833049566.7,2023-03-03
KuCoin,715992858.2,2023-03-03
Kraken,663045671.2,2023-03-03
Bybit,641662468.6,2023-03-03
Huobi,638666079.2,2023-03-03
Bitget,551173522.7,2023-03-03
Binance US,293190437.4,2023-03-03
Bitstamp,186918939.4,2023-03-03
Bitfinex,153177757.8,2023-03-03
Gemini,33837030.21,2023-03-03
Binance,6330761398,2023-03-02
Coinbase_Exchange,1032331689,2023-03-02
OKX,667119425.4,2023-03-02
KuCoin,615283708.7,2023-03-02
Gate.io,552532076.2,2023-03-02
Bitget,549830305.7,2023-03-02
Huobi,522842134.1,2023-03-02
Bybit,509025384.7,2023-03-02
MEXC_Global,502516996.6,2023-03-02
Kraken,461848350.1,2023-03-02
Binance US,176860160.4,2023-03-02
Bitstamp,129878933.3,2023-03-02
Bitfinex,73348489.11,2023-03-02
Gemini,18279624.19,2023-03-02
Binance,7575009694,2023-03-01
Coinbase_Exchange,1233548142,2023-03-01
OKX,798235023.5,2023-03-01
KuCoin,673718380.6,2023-03-01
Gate.io,661126903.3,2023-03-01
MEXC_Global,601281638,2023-03-01
Huobi,569632090.9,2023-03-01
Kraken,552620234.1,2023-03-01
Bitget,484904317.3,2023-03-01
Bybit,483384537.7,2023-03-01
Binance US,211620243,2023-03-01
Bitstamp,159111370.7,2023-03-01
Bitfinex,123083179.4,2023-03-01
Gemini,22173511.27,2023-03-01
Binance,6937632413,2023-02-28
Coinbase_Exchange,1196668008,2023-02-28
OKX,731069996.9,2023-02-28
KuCoin,616540444.4,2023-02-28
Gate.io,605498198.5,2023-02-28
Huobi,575496642.5,2023-02-28
MEXC_Global,550688671.4,2023-02-28
Bitget,506429615,2023-02-28
Kraken,506121495.2,2023-02-28
Bybit,481308844.9,2023-02-28
Binance US,193813897.8,2023-02-28
Bitstamp,147038646.8,2023-02-28
Bitfinex,81097034.78,2023-02-28
Gemini,21549902.69,2023-02-28
Binance,5158671866,2023-02-27
Coinbase_Exchange,870760214.1,2023-02-27
Huobi,602475801,2023-02-27
OKX,543607571,2023-02-27
KuCoin,514811303.7,2023-02-27
Gate.io,450235303.6,2023-02-27
Bitget,441549803.7,2023-02-27
MEXC_Global,421035710.6,2023-02-27
Bybit,378550807,2023-02-27
Kraken,376340819.5,2023-02-27
Binance US,148182803.8,2023-02-27
Bitstamp,114078058.8,2023-02-27
Bitfinex,83721632.9,2023-02-27
Gemini,13675350.31,2023-02-27
Binance,4057379170,2023-02-26
Coinbase_Exchange,757269910.8,2023-02-26
Bitget,524520944.4,2023-02-26
Huobi,473857023.8,2023-02-26
KuCoin,464968136.3,2023-02-26
OKX,427556325.4,2023-02-26
Gate.io,354117415.3,2023-02-26
MEXC_Global,322062746.5,2023-02-26
Kraken,287578856.9,2023-02-26
Bybit,274010215.1,2023-02-26
Binance US,113349560.3,2023-02-26
Bitfinex,60440211.66,2023-02-26
Bitstamp,44012338.93,2023-02-26
Gemini,9124662.112,2023-02-26
Binance,8055999326,2023-02-25
Coinbase_Exchange,1287308910,2023-02-25
OKX,848920642.4,2023-02-25
KuCoin,745922260,2023-02-25
Bitget,706752035,2023-02-25
Gate.io,703106402.6,2023-02-25
MEXC_Global,639461321.3,2023-02-25
Huobi,598153135.9,2023-02-25
Kraken,575184339.6,2023-02-25
Bybit,498084661.9,2023-02-25
Binance US,225057404.7,2023-02-25
Bitstamp,131126700.8,2023-02-25
Bitfinex,127966508,2023-02-25
Gemini,26953177.03,2023-02-25
Binance,7735292228,2023-02-24
Coinbase_Exchange,1310587809,2023-02-24
OKX,815125252.7,2023-02-24
Bitget,686943034.4,2023-02-24
Gate.io,664247146.2,2023-02-24
KuCoin,663929815,2023-02-24
MEXC_Global,611410768.1,2023-02-24
Kraken,564313395.9,2023-02-24
Huobi,505067212.9,2023-02-24
Bybit,463470010.3,2023-02-24
Binance US,215185077.4,2023-02-24
Bitfinex,137415458,2023-02-24
Bitstamp,111276309.9,2023-02-24
Gemini,23128808.5,2023-02-24
Binance,9287973477,2023-02-23
Coinbase_Exchange,1771119633,2023-02-23
OKX,978742888.9,2023-02-23
KuCoin,884700240.5,2023-02-23
Bitget,839691646.3,2023-02-23
Gate.io,810629807.2,2023-02-23
MEXC_Global,742238585.6,2023-02-23
Kraken,677586218.5,2023-02-23
Bybit,581802297.9,2023-02-23
Huobi,542737159.8,2023-02-23
Binance US,261229792.4,2023-02-23
Bitfinex,159044856.9,2023-02-23
Bitstamp,136563882.5,2023-02-23
Gemini,31378967.04,2023-02-23
Binance,9194409374,2023-02-22
Coinbase_Exchange,1733189585,2023-02-22
OKX,968883346.6,2023-02-22
KuCoin,916191198.6,2023-02-22
Bitget,805124721.1,2023-02-22
Gate.io,802463611.2,2023-02-22
MEXC_Global,729824719.2,2023-02-22
Kraken,670760383,2023-02-22
Huobi,548592999.8,2023-02-22
Bybit,541440090.7,2023-02-22
Binance US,256860801.5,2023-02-22
Bitfinex,234670329.3,2023-02-22
Bitstamp,159566472.6,2023-02-22
Gemini,32725379.39,2023-02-22
Binance,8749806418,2023-02-21
Coinbase_Exchange,1506180130,2023-02-21
OKX,922032309.3,2023-02-21
KuCoin,913859924.5,2023-02-21
Bitget,771612617.2,2023-02-21
Gate.io,763660068.6,2023-02-21
MEXC_Global,694533670.8,2023-02-21
Kraken,638325112.3,2023-02-21
Bybit,515147606.5,2023-02-21
Huobi,490353931.7,2023-02-21
Binance US,244440071.1,2023-02-21
Bitstamp,155850532.7,2023-02-21
Bitfinex,155375371.1,2023-02-21
Gemini,21134339.14,2023-02-21
Binance,9329552614,2023-02-20
Coinbase_Exchange,1763470674,2023-02-20
KuCoin,1069149266,2023-02-20
OKX,1007042191,2023-02-20
Gate.io,814258586.2,2023-02-20
Bitget,801951618.6,2023-02-20
MEXC_Global,758568587.1,2023-02-20
Bybit,570183172.8,2023-02-20
Kraken,563568712.8,2023-02-20
Huobi,530632316.5,2023-02-20
Binance US,266977116,2023-02-20
Bitstamp,182912940.6,2023-02-20
Bitfinex,168561947.1,2023-02-20
Binance,4765684874,2023-02-19
Coinbase_Exchange,899230394.3,2023-02-19
Bitget,646367977,2023-02-19
KuCoin,546138671.7,2023-02-19
OKX,502195578,2023-02-19
Gate.io,415936298.5,2023-02-19
MEXC_Global,378285779.6,2023-02-19
Huobi,364872327.5,2023-02-19
Bybit,277016332.2,2023-02-19
Kraken,269780625.9,2023-02-19
Binance US,133137192.3,2023-02-19
Bitfinex,84718988.27,2023-02-19
Bitstamp,50901874.15,2023-02-19
Binance,9383782704,2023-02-18
Coinbase_Exchange,1526515080,2023-02-18
Bitget,1012196275,2023-02-18
OKX,988838975.7,2023-02-18
KuCoin,984367197.1,2023-02-18
Gate.io,818991654.4,2023-02-18
MEXC_Global,744856695.3,2023-02-18
Kraken,684575829.2,2023-02-18
Bybit,542807003.4,2023-02-18
Huobi,537829496.7,2023-02-18
Binance US,262151066.2,2023-02-18
Bitfinex,194694229.1,2023-02-18
Bitstamp,130527825.2,2023-02-18
Gemini,29184498.62,2023-02-18
Binance,14217596212,2023-02-17
OKX,1498213822,2023-02-17
KuCoin,1155388771,2023-02-17
MEXC_Global,1128550512,2023-02-17
Bitget,1087010278,2023-02-17
Kraken,1037217172,2023-02-17
Gate.io,1033916214,2023-02-17
Bybit,776775407.6,2023-02-17
Huobi,634042993.1,2023-02-17
Binance US,397191608.4,2023-02-17
Bitfinex,205400877.1,2023-02-17
Bitstamp,178604511.6,2023-02-17
Gemini,46075838.5,2023-02-17
Binance,14723939332,2023-02-16
Coinbase_Exchange,2362984282,2023-02-16
OKX,1551571010,2023-02-16
KuCoin,1236937020,2023-02-16
MEXC_Global,1168742471,2023-02-16
Kraken,1074156631,2023-02-16
Gate.io,951888245.2,2023-02-16
Bitget,932573437.4,2023-02-16
Bybit,785122172.3,2023-02-16
Huobi,663414616.8,2023-02-16
Binance US,411337056.8,2023-02-16
Bitfinex,213366813.2,2023-02-16
Bitstamp,191475850.5,2023-02-16
Gemini,47865846.9,2023-02-16
Binance,9588084538,2023-02-15
Coinbase_Exchange,1547401541,2023-02-15
OKX,1010367790,2023-02-15
KuCoin,966522388.8,2023-02-15
Bitget,878642122.2,2023-02-15
Gate.io,836822754.6,2023-02-15
MEXC_Global,761073641.2,2023-02-15
Kraken,699480120.5,2023-02-15
Huobi,461131609.2,2023-02-15
Bybit,458835042.9,2023-02-15
Binance US,267858648,2023-02-15
Bitstamp,140776894.5,2023-02-15
Bitfinex,126421818.1,2023-02-15
Gemini,28751370.3,2023-02-15
Binance,8955593655,2023-02-14
Coinbase_Exchange,1247910297,2023-02-14
OKX,943717625.1,2023-02-14
KuCoin,748867653.4,2023-02-14
MEXC_Global,710868242,2023-02-14
Kraken,653337915.8,2023-02-14
Bitget,653112897.2,2023-02-14
Gate.io,609441886.4,2023-02-14
Huobi,376518512.7,2023-02-14
Bybit,333801110.6,2023-02-14
Binance US,250189087.2,2023-02-14
Bitstamp,198042449.8,2023-02-14
Bitfinex,126883267.1,2023-02-14
Gemini,24019534.69,2023-02-14
Binance,7743342878,2023-02-13
Coinbase_Exchange,1263418848,2023-02-13
MEXC_Global,1124006503,2023-02-13
OKX,840089568.9,2023-02-13
KuCoin,772271948.5,2023-02-13
Gate.io,678659943,2023-02-13
Bitget,579654546.4,2023-02-13
Kraken,539013083.7,2023-02-13
Huobi,365480670.9,2023-02-13
Bybit,335256262.9,2023-02-13
Binance US,252407674.8,2023-02-13
Bitfinex,165105915.3,2023-02-13
Bitstamp,145498461.5,2023-02-13
Gemini,18034002.76,2023-02-13
Binance,3745397160,2023-02-12
Coinbase_Exchange,610970648.4,2023-02-12
Bitget,545122565.7,2023-02-12
MEXC_Global,543673537.6,2023-02-12
Gate.io,408489044.5,2023-02-12
OKX,406345114.6,2023-02-12
KuCoin,382650895.2,2023-02-12
Huobi,275426765.5,2023-02-12
Kraken,215153909.4,2023-02-12
Bybit,177536210.4,2023-02-12
Binance US,122087744.8,2023-02-12
Bitfinex,50895192.06,2023-02-12
Bitstamp,46184644.37,2023-02-12
Gemini,8628363.401,2023-02-12
Binance,6384764330,2023-02-11
Coinbase_Exchange,1046636910,2023-02-11
MEXC_Global,926798214,2023-02-11
Bitget,713900396.3,2023-02-11
OKX,692694867.3,2023-02-11
KuCoin,636056174.5,2023-02-11
Gate.io,573644503.9,2023-02-11
Kraken,392128710.2,2023-02-11
Huobi,319067371.3,2023-02-11
Bybit,260413446.9,2023-02-11
Binance US,208122334.8,2023-02-11
Bitfinex,119750111.7,2023-02-11
Bitstamp,69958287.17,2023-02-11
Gemini,25300416.82,2023-02-11
Binance,10778206745,2023-02-10
Coinbase_Exchange,1830002302,2023-02-10
MEXC_Global,1564540509,2023-02-10
OKX,1169347580,2023-02-10
KuCoin,1054150250,2023-02-10
Gate.io,811890996.4,2023-02-10
Bitget,781935241.3,2023-02-10
Kraken,751122723.5,2023-02-10
Bybit,498905236.7,2023-02-10
Huobi,484625494.5,2023-02-10
Binance US,351334172.5,2023-02-10
Bitfinex,219558745.5,2023-02-10
Bitstamp,152224427.7,2023-02-10
Gemini,35114852.61,2023-02-10
Binance,10042309446,2023-02-09
Coinbase_Exchange,1602687472,2023-02-09
MEXC_Global,1457719372,2023-02-09
OKX,1089508796,2023-02-09
KuCoin,982179567.3,2023-02-09
Gate.io,729100527.3,2023-02-09
Bitget,658944648.8,2023-02-09
Kraken,657316806.6,2023-02-09
Huobi,425122907,2023-02-09
Bybit,411739134.9,2023-02-09
Binance US,327346295.6,2023-02-09
Bitfinex,184218423.9,2023-02-09
Bitstamp,137474016.7,2023-02-09
Gemini,35045614.6,2023-02-09
Binance,8483266032,2023-02-08
Coinbase_Exchange,1613475880,2023-02-08
MEXC_Global,1231412001,2023-02-08
OKX,920365283.5,2023-02-08
KuCoin,866698275.6,2023-02-08
Gate.io,714393113.1,2023-02-08
Bitget,620733919.3,2023-02-08
Kraken,590519063.6,2023-02-08
Huobi,445619066.1,2023-02-08
Bybit,379296814.7,2023-02-08
Binance US,276526538.4,2023-02-08
Bitstamp,155545412.9,2023-02-08
Bitfinex,129748114.7,2023-02-08
Gemini,25829398.13,2023-02-08
Binance,6694016188,2023-02-07
Coinbase_Exchange,1188823385,2023-02-07
MEXC_Global,971688445.7,2023-02-07
OKX,726246235.5,2023-02-07
KuCoin,683898398.4,2023-02-07
Gate.io,610834073.1,2023-02-07
Bitget,581204749.5,2023-02-07
Kraken,465969674.4,2023-02-07
Huobi,389429001.4,2023-02-07
Bybit,280010176.5,2023-02-07
Binance US,218202990.7,2023-02-07
Bitstamp,126458132.7,2023-02-07
Bitfinex,69066617.67,2023-02-07
Gemini,26558273.51,2023-02-07
Binance,6665402052,2023-02-06
Coinbase_Exchange,1113374021,2023-02-06
MEXC_Global,967534954.5,2023-02-06
OKX,723141814.3,2023-02-06
KuCoin,680318209,2023-02-06
Gate.io,615908522.7,2023-02-06
Bitget,599359277.7,2023-02-06
Kraken,463977820.6,2023-02-06
Huobi,333993169.1,2023-02-06
Bybit,304126645,2023-02-06
Bitstamp,153056491.8,2023-02-06
Bitfinex,104251729.4,2023-02-06
Binance US,57092509.95,2023-02-06
Gemini,15657880.73,2023-02-06
Binance,4870065918,2023-02-05
Coinbase_Exchange,899806632.2,2023-02-05
MEXC_Global,706927989.3,2023-02-05
Bitget,573323353.4,2023-02-05
OKX,528362523.2,2023-02-05
Gate.io,522793172.1,2023-02-05
KuCoin,497553341.9,2023-02-05
Huobi,348157213.3,2023-02-05
Kraken,300074283.4,2023-02-05
Bybit,245341828.4,2023-02-05
Binance US,158748059.2,2023-02-05
Bitfinex,81973423.21,2023-02-05
Bitstamp,61609556.21,2023-02-05
Gemini,13429756.04,2023-02-05
Binance,6604042937,2023-02-04
Coinbase_Exchange,1117918643,2023-02-04
MEXC_Global,958628120.6,2023-02-04
OKX,716484867.8,2023-02-04
Bitget,708485206.4,2023-02-04
KuCoin,674706328.8,2023-02-04
Kraken,459706628.4,2023-02-04
Gate.io,455462705.2,2023-02-04
Huobi,342551630,2023-02-04
Bybit,286598829,2023-02-04
Binance US,215270079.8,2023-02-04
Bitstamp,94044604.78,2023-02-04
Bitfinex,91217826.2,2023-02-04
Gemini,21111651.79,2023-02-04
Binance,10149421118,2023-02-03
Coinbase_Exchange,1535850005,2023-02-03
MEXC_Global,1473267358,2023-02-03
OKX,1101129594,2023-02-03
KuCoin,873763240,2023-02-03
Bitget,726729722.3,2023-02-03
Kraken,706499868.9,2023-02-03
Gate.io,537684914.4,2023-02-03
Bybit,449637672.3,2023-02-03
Huobi,386567230.3,2023-02-03
Binance US,330837939.1,2023-02-03
Bitfinex,195828781.1,2023-02-03
Bitstamp,162111653.3,2023-02-03
Gemini,28882688.43,2023-02-03
Binance,11981135221,2023-02-02
Coinbase_Exchange,2080757065,2023-02-02
MEXC_Global,1739154956,2023-02-02
OKX,1299855451,2023-02-02
KuCoin,1066437372,2023-02-02
Kraken,834005452.1,2023-02-02
Bitget,720716014.1,2023-02-02
Gate.io,579067452.5,2023-02-02
Bybit,558345771,2023-02-02
Huobi,460961494,2023-02-02
Binance US,390545598.2,2023-02-02
Bitfinex,258321727.6,2023-02-02
Bitstamp,210969016.1,2023-02-02
Gemini,40847059.04,2023-02-02
Binance,6939975371,2023-02-01
Coinbase_Exchange,1493115193,2023-02-01
MEXC_Global,1007391475,2023-02-01
OKX,752930725.3,2023-02-01
KuCoin,626503691.8,2023-02-01
Bitget,525793979.3,2023-02-01
Kraken,483090736,2023-02-01
Gate.io,388971796,2023-02-01
Huobi,324955862,2023-02-01
Bybit,290663328,2023-02-01
Binance US,226220424,2023-02-01
Bitstamp,128508281.5,2023-02-01
Bitfinex,126431885.5,2023-02-01
Gemini,23366444.35,2023-02-01
Binance,8285682923,2023-01-31
Coinbase_Exchange,1932131470,2023-01-31
MEXC_Global,1202731398,2023-01-31
OKX,898929055.6,2023-01-31
KuCoin,726171260.3,2023-01-31
Kraken,576765383.7,2023-01-31
Bitget,522673102.9,2023-01-31
Gate.io,443172381.2,2023-01-31
Bybit,393694994.8,2023-01-31
Huobi,319800873.7,2023-01-31
Binance US,270086169.6,2023-01-31
Bitstamp,155481577.6,2023-01-31
Bitfinex,139946150.5,2023-01-31
Gemini,28854736.12,2023-01-31
Binance,8640932384,2023-01-30
Coinbase_Exchange,1911873557,2023-01-30
MEXC_Global,1190499444,2023-01-30
OKX,937470758.1,2023-01-30
KuCoin,797434218.1,2023-01-30
Kraken,512360369.4,2023-01-30
Bitget,497243018,2023-01-30
Gate.io,485229576.2,2023-01-30
Bybit,404657528.8,2023-01-30
Huobi,335422744.2,2023-01-30
Binance US,281666155.3,2023-01-30
Bitfinex,225307420.3,2023-01-30
Bitstamp,172790454.7,2023-01-30
Gemini,25363301.99,2023-01-30
Binance,5499354090,2023-01-29
Coinbase_Exchange,1147651466,2023-01-29
MEXC_Global,798274012.7,2023-01-29
OKX,596635055.8,2023-01-29
KuCoin,561845025.9,2023-01-29
Bitget,473049949.5,2023-01-29
Gate.io,363400877.1,2023-01-29
Huobi,339150439.6,2023-01-29
Bybit,291035165.2,2023-01-29
Kraken,264124154.3,2023-01-29
Binance US,179260931.8,2023-01-29
Bitfinex,152689117.5,2023-01-29
Bitstamp,71242358.68,2023-01-29
Gemini,13711080.67,2023-01-29
Binance,6706225148,2023-01-28
Coinbase_Exchange,1569429457,2023-01-28
MEXC_Global,973460772.8,2023-01-28
OKX,727570839.1,2023-01-28
KuCoin,685145878.9,2023-01-28
Bitget,471181125.5,2023-01-28
Kraken,466819417.1,2023-01-28
Gate.io,450109482.7,2023-01-28
Bybit,341881493.9,2023-01-28
Huobi,341667999.7,2023-01-28
Binance US,218601019.8,2023-01-28
Bitfinex,142198810.3,2023-01-28
Bitstamp,91909460.28,2023-01-28
Gemini,23581691.25,2023-01-28
Binance,7824277253,2023-01-27
Coinbase_Exchange,1695637889,2023-01-27
MEXC_Global,1135754776,2023-01-27
OKX,848870211.5,2023-01-27
KuCoin,726394428.3,2023-01-27
Bitget,584069116.9,2023-01-27
Kraken,544647071.1,2023-01-27
Gate.io,451728092.6,2023-01-27
Bybit,358494329.3,2023-01-27
Huobi,323853807.3,2023-01-27
Binance US,255045741.9,2023-01-27
Bitstamp,137502350.4,2023-01-27
Bitfinex,99964892.56,2023-01-27
Gemini,21461455.33,2023-01-27
Binance,10424693547,2023-01-26
Coinbase_Exchange,2362261114,2023-01-26
MEXC_Global,1513225473,2023-01-26
OKX,1130994301,2023-01-26
KuCoin,952463430,2023-01-26
Kraken,719638861.4,2023-01-26
Bitget,582626959.1,2023-01-26
Gate.io,565298588.4,2023-01-26
Bybit,517270161.1,2023-01-26
Huobi,354373820.2,2023-01-26
Binance US,339810762.5,2023-01-26
Bitfinex,201994678.5,2023-01-26
Bitstamp,177691573.9,2023-01-26
Gemini,35366435.69,2023-01-26
Binance,9088895106,2023-01-25
Coinbase_Exchange,2274249292,2023-01-25
MEXC_Global,1319323891,2023-01-25
OKX,986071120.1,2023-01-25
KuCoin,774377104.6,2023-01-25
Kraken,632676990.3,2023-01-25
Bitget,528618123.1,2023-01-25
Gate.io,490618863.7,2023-01-25
Bybit,414159946.3,2023-01-25
Huobi,339109120.5,2023-01-25
Binance US,296268105.6,2023-01-25
Bitstamp,162672089.2,2023-01-25
Bitfinex,158547940.6,2023-01-25
Gemini,27618031.27,2023-01-25
Binance,9140701874,2023-01-24
Coinbase_Exchange,2166476251,2023-01-24
MEXC_Global,1294139937,2023-01-24
OKX,991691624.2,2023-01-24
KuCoin,748777251.3,2023-01-24
Bitget,628936030.5,2023-01-24
Kraken,619664864.8,2023-01-24
Gate.io,577262858.8,2023-01-24
Bybit,445877556.2,2023-01-24
Huobi,361694594.6,2023-01-24
Binance US,298560117.3,2023-01-24
Bitstamp,193932571.8,2023-01-24
Bitfinex,164221624.2,2023-01-24
Gemini,29839685.15,2023-01-24
Binance,8900976289,2023-01-23
Coinbase_Exchange,1984417996,2023-01-23
MEXC_Global,1292045866,2023-01-23
OKX,965683371.8,2023-01-23
KuCoin,909374091.8,2023-01-23
Gate.io,655070257.3,2023-01-23
Kraken,610224476.2,2023-01-23
Bitget,553096064.9,2023-01-23
Bybit,450399337.9,2023-01-23
Huobi,408230177.1,2023-01-23
Binance US,290142597.1,2023-01-23
Bitstamp,204391633.9,2023-01-23
Bitfinex,160564799.9,2023-01-23
Gemini,20910569.2,2023-01-23
Binance,8823676324,2023-01-22
Coinbase_Exchange,1753747702,2023-01-22
MEXC_Global,1111610289,2023-01-22
OKX,957297065.4,2023-01-22
KuCoin,794208850.1,2023-01-22
Bitget,577575814.3,2023-01-22
Gate.io,569534875.2,2023-01-22
Bybit,455544541.7,2023-01-22
Kraken,399863688.3,2023-01-22
Huobi,307519608.8,2023-01-22
Binance US,287623007.8,2023-01-22
Bitfinex,129891348.1,2023-01-22
Bitstamp,95332359.74,2023-01-22
Gemini,16262972.05,2023-01-22
Binance,13700834177,2023-01-21
Coinbase_Exchange,2749288872,2023-01-21
OKX,1486428855,2023-01-21
MEXC_Global,1461162391,2023-01-21
KuCoin,1194498965,2023-01-21
Gate.io,867197955.5,2023-01-21
Bybit,702862893.5,2023-01-21
Kraken,700579121.9,2023-01-21
Bitget,564946750.2,2023-01-21
Binance US,448140790.4,2023-01-21
Huobi,438054055.7,2023-01-21
Bitfinex,324793915.5,2023-01-21
Bitstamp,236989558.2,2023-01-21
Gemini,44850150.69,2023-01-21
Binance,6587843703,2023-01-20
Coinbase_Exchange,1642722189,2023-01-20
MEXC_Global,791007337.2,2023-01-20
OKX,714727261.3,2023-01-20
KuCoin,555033745,2023-01-20
Gate.io,541217477.8,2023-01-20
Bitget,475918038,2023-01-20
Kraken,458579059.3,2023-01-20
Huobi,303612016.4,2023-01-20
Bybit,278822283.4,2023-01-20
Binance US,214742000.4,2023-01-20
Bitstamp,151275408.2,2023-01-20
Bitfinex,85916708.22,2023-01-20
Gemini,23350617.58,2023-01-20
Binance,10718280755,2023-01-19
Coinbase_Exchange,2218024039,2023-01-19
MEXC_Global,1555841905,2023-01-19
OKX,1162846079,2023-01-19
KuCoin,836477744.6,2023-01-19
Kraken,746098207.1,2023-01-19
Gate.io,690645994.7,2023-01-19
Bybit,507760156.4,2023-01-19
Bitget,506275913.5,2023-01-19
Huobi,409975831.4,2023-01-19
Binance US,349380752.7,2023-01-19
Bitstamp,224452748.5,2023-01-19
Bitfinex,220368897.2,2023-01-19
Gemini,39010968.33,2023-01-19
Binance,8123591734,2023-01-18
Coinbase_Exchange,1967122325,2023-01-18
MEXC_Global,1156769380,2023-01-18
OKX,864576886,2023-01-18
KuCoin,710381562.2,2023-01-18
Kraken,565482349.4,2023-01-18
Gate.io,503849088.7,2023-01-18
Bitget,478175221.3,2023-01-18
Bybit,388084564.9,2023-01-18
Huobi,373015801.8,2023-01-18
Binance US,264802490.6,2023-01-18
Bitstamp,152563130.1,2023-01-18
Bitfinex,133817084.4,2023-01-18
Gemini,27705960.25,2023-01-18
Binance,8378509761,2023-01-17
Coinbase_Exchange,1939966497,2023-01-17
MEXC_Global,1067743629,2023-01-17
OKX,908999973.5,2023-01-17
KuCoin,668750465.3,2023-01-17
Gate.io,589103710.9,2023-01-17
Kraken,583227076.1,2023-01-17
Bitget,480748254.9,2023-01-17
Bybit,416758939.4,2023-01-17
Huobi,371922133.1,2023-01-17
Binance US,273111829.9,2023-01-17
Bitstamp,172130774.6,2023-01-17
Bitfinex,162291588.3,2023-01-17
Gemini,25896171.03,2023-01-17
Binance,5924416256,2023-01-16
Coinbase_Exchange,2127571979,2023-01-16
MEXC_Global,859975116.9,2023-01-16
Gate.io,687965974.3,2023-01-16
OKX,642750795.5,2023-01-16
KuCoin,605271814.2,2023-01-16
Bitget,470184173.6,2023-01-16
Bybit,463946527.2,2023-01-16
Huobi,420530609.4,2023-01-16
Kraken,412397908,2023-01-16
Binance US,193116514.9,2023-01-16
Bitfinex,178067904.1,2023-01-16
Bitstamp,136041415.6,2023-01-16
Gemini,23120295.5,2023-01-16
Binance,9597060728,2023-01-15
Coinbase_Exchange,1918259327,2023-01-15
MEXC_Global,910779978.5,2023-01-15
OKX,905636920.5,2023-01-15
KuCoin,642761234.2,2023-01-15
Gate.io,582669569,2023-01-15
Bitget,451446867.4,2023-01-15
Bybit,405525283.8,2023-01-15
Huobi,371917938.6,2023-01-15
Kraken,346109867,2023-01-15
Binance US,313353955.4,2023-01-15
Bitfinex,170075019.4,2023-01-15
Bitstamp,106693441,2023-01-15
Gemini,21968317.39,2023-01-15
Binance,21488347253,2023-01-14
Coinbase_Exchange,3944164461,2023-01-14
OKX,2029779340,2023-01-14
MEXC_Global,1841706350,2023-01-14
KuCoin,1340207934,2023-01-14
Kraken,952264360.4,2023-01-14
Bybit,859630766.2,2023-01-14
Gate.io,779586975.1,2023-01-14
Huobi,758039179.2,2023-01-14
Binance US,702311847.5,2023-01-14
Bitget,478708163.9,2023-01-14
Bitfinex,380807224,2023-01-14
Bitstamp,326870030.3,2023-01-14
Gemini,59164271.66,2023-01-14
Binance,13168530960,2023-01-12
Coinbase_Exchange,2346028205,2023-01-12
MEXC_Global,1633064989,2023-01-12
OKX,1242662490,2023-01-12
Kraken,777218491.2,2023-01-12
KuCoin,642543783.3,2023-01-12
Bitget,573897663.8,2023-01-12
Bybit,467307679.5,2023-01-12
Huobi,456065960.7,2023-01-12
Gate.io,432259397.7,2023-01-12
Binance US,365714949.5,2023-01-12
Bitfinex,233367098.5,2023-01-12
Bitstamp,185883852.1,2023-01-12
Gemini,34113514.57,2023-01-12
Binance,7033947754,2023-01-11
Coinbase_Exchange,1436686997,2023-01-11
MEXC_Global,673834340.3,2023-01-11
OKX,663765967.6,2023-01-11
Kraken,522393819.4,2023-01-11
Bitget,454398001.8,2023-01-11
KuCoin,368018314.9,2023-01-11
Huobi,351070421.5,2023-01-11
Gate.io,305169340,2023-01-11
Bybit,262642897.6,2023-01-11
Binance US,229665599,2023-01-11
Bitstamp,115610423.9,2023-01-11
Bitfinex,108657946.5,2023-01-11
Gemini,20307906.35,2023-01-11
Binance,8279715392,2023-01-10
Coinbase_Exchange,1774624782,2023-01-10
OKX,781324113.2,2023-01-10
MEXC_Global,611183430.4,2023-01-10
Kraken,554564668.1,2023-01-10
Bitget,501763506,2023-01-10
KuCoin,469110444.1,2023-01-10
Huobi,393336206,2023-01-10
Gate.io,375672255.2,2023-01-10
Bybit,299520088.1,2023-01-10
Binance US,270341211.5,2023-01-10
Bitstamp,136086004.9,2023-01-10
Bitfinex,128140178,2023-01-10
Gemini,22102631.45,2023-01-10
Binance,7549758995,2023-01-09
Coinbase_Exchange,1667700179,2023-01-09
MEXC_Global,936265897.7,2023-01-09
OKX,706909139.2,2023-01-09
KuCoin,472441709.3,2023-01-09
Kraken,465591433.2,2023-01-09
Bitget,463685641.9,2023-01-09
Gate.io,402898467.9,2023-01-09
Huobi,397305129.6,2023-01-09
Bybit,281561134.6,2023-01-09
Binance US,246507497.6,2023-01-09
Bitfinex,133793558.6,2023-01-09
Bitstamp,124088396.2,2023-01-09
Gemini,19355217.2,2023-01-09
Binance,1705642489,2023-01-08
Coinbase_Exchange,481683462.2,2023-01-08
Huobi,261057658,2023-01-08
MEXC_Global,211521377.6,2023-01-08
KuCoin,184011236.2,2023-01-08
OKX,160954707.9,2023-01-08
Gate.io,148755894.4,2023-01-08
Bitget,137439231.1,2023-01-08
Kraken,110378550.9,2023-01-08
Bybit,98395065.38,2023-01-08
Binance US,55691001.51,2023-01-08
Bitfinex,30226730.16,2023-01-08
Bitstamp,28034145.69,2023-01-08
Gemini,10222404.09,2023-01-08
Binance,3310881414,2023-01-07
Coinbase_Exchange,869440708.7,2023-01-07
MEXC_Global,410591251.5,2023-01-07
Huobi,317868873.2,2023-01-07
OKX,312434822.2,2023-01-07
Bitget,267837579.1,2023-01-07
KuCoin,249264254.6,2023-01-07
Kraken,245890934.2,2023-01-07
Gate.io,203474625.3,2023-01-07
Bybit,178247436.8,2023-01-07
Binance US,108103703.7,2023-01-07
Bitfinex,58673935.71,2023-01-07
Bitstamp,54417880.38,2023-01-07
Gemini,17685679.92,2023-01-07
Binance,4132057768,2023-01-06
Coinbase_Exchange,984372639.9,2023-01-06
MEXC_Global,512427579.1,2023-01-06
OKX,389926061.8,2023-01-06
Huobi,370471670.8,2023-01-06
Bitget,332957780,2023-01-06
Kraken,306877739.7,2023-01-06
KuCoin,272448465.9,2023-01-06
Gate.io,202524055.2,2023-01-06
Bybit,177155875.3,2023-01-06
Binance US,134915914.8,2023-01-06
Bitfinex,72031832.82,2023-01-06
Bitstamp,67914875.64,2023-01-06
Gemini,18264325.19,2023-01-06
Binance,4031311077,2023-01-05
Coinbase_Exchange,1194765656,2023-01-05
MEXC_Global,499933718.2,2023-01-05
Huobi,467429452,2023-01-05
OKX,380418905.8,2023-01-05
Bitget,324839664,2023-01-05
KuCoin,307616320.1,2023-01-05
Kraken,299395434.7,2023-01-05
Gate.io,224451127,2023-01-05
Bybit,220373032.7,2023-01-05
Binance US,131626422.9,2023-01-05
Bitfinex,71441092.37,2023-01-05
Bitstamp,66258948.41,2023-01-05
Gemini,19708380.09,2023-01-05
Binance,4593331547,2023-01-04
Coinbase_Exchange,1297949837,2023-01-04
MEXC_Global,569631451.5,2023-01-04
Huobi,466551279.1,2023-01-04
OKX,433454648.4,2023-01-04
Bitget,370126814.4,2023-01-04
Kraken,341135310.8,2023-01-04
KuCoin,330679731.1,2023-01-04
Bybit,262438533.7,2023-01-04
Gate.io,217432406.5,2023-01-04
Binance US,149977064.5,2023-01-04
Bitfinex,81400994.98,2023-01-04
Bitstamp,75496309.29,2023-01-04
Gemini,30634564.12,2023-01-04
Binance,3568782260,2023-01-03
Coinbase_Exchange,716588004.6,2023-01-03
MEXC_Global,409757276.6,2023-01-03
Huobi,391516624.7,2023-01-03
OKX,336771913.7,2023-01-03
Bitget,287569437.5,2023-01-03
Kraken,265044613.3,2023-01-03
Bybit,263833065.1,2023-01-03
Gate.io,258801149.6,2023-01-03
KuCoin,239417215.2,2023-01-03
Binance US,97839250.87,2023-01-03
Bitfinex,63244455.22,2023-01-03
Bitstamp,58656768.46,2023-01-03
Gemini,13770422.26,2023-01-03
Binance,2534839853,2023-01-02
Coinbase_Exchange,708900184.3,2023-01-02
Huobi,392384569.2,2023-01-02
MEXC_Global,314352263.5,2023-01-02
Bybit,296286714.1,2023-01-02
Gate.io,285129210,2023-01-02
KuCoin,273297905.3,2023-01-02
OKX,239202921.8,2023-01-02
Bitget,204255237.7,2023-01-02
Kraken,188256233.4,2023-01-02
Binance US,82765128.53,2023-01-02
Bitfinex,44921271.84,2023-01-02
Bitstamp,41662785.1,2023-01-02
Gemini,8376195.228,2023-01-02
Binance,1946857714,2023-01-01
Coinbase_Exchange,670076848.3,2023-01-01
Huobi,301366999.2,2023-01-01
MEXC_Global,241435127,2023-01-01
KuCoin,207389234.6,2023-01-01
OKX,183717252.7,2023-01-01
Bybit,162163332.2,2023-01-01
Bitget,155909392.9,2023-01-01
Gate.io,147353141.1,2023-01-01
Kraken,144588377.7,2023-01-01
Binance US,63566858.4,2023-01-01
Gemini,36317883.1,2023-01-01
Bitfinex,34501384.17,2023-01-01
Bitstamp,27786816.72,2023-01-01
Binance,2910999231,2022-12-31
Coinbase_Exchange,906154833.4,2022-12-31
Huobi,401486227.1,2022-12-31
MEXC_Global,361000900.8,2022-12-31
OKX,274699619.5,2022-12-31
KuCoin,244349549.8,2022-12-31
Gate.io,239797064.2,2022-12-31
Bitget,234565899.9,2022-12-31
Kraken,216192670.1,2022-12-31
Bybit,215231844,2022-12-31
Binance US,95047186,2022-12-31
Bitfinex,51587542.61,2022-12-31
Bitstamp,47845360.33,2022-12-31
Gemini,27147316.01,2022-12-31
Binance,3634296855,2022-12-30
Coinbase_Exchange,1109996760,2022-12-30
MEXC_Global,450698874.8,2022-12-30
Huobi,391064728.5,2022-12-30
KuCoin,360251664.8,2022-12-30
OKX,342954366.6,2022-12-30
Bitget,292848562.1,2022-12-30
Kraken,269910285.1,2022-12-30
Bybit,254889819.1,2022-12-30
Gate.io,201189580.2,2022-12-30
Binance US,118663478.2,2022-12-30
Bitfinex,64405405.53,2022-12-30
Bitstamp,59733547.55,2022-12-30
Gemini,29448151.17,2022-12-30
Binance,4332926268,2022-12-29
Coinbase_Exchange,1181756458,2022-12-29
MEXC_Global,537337822.9,2022-12-29
KuCoin,431114777.1,2022-12-29
OKX,408881199.5,2022-12-29
Bitget,349143564.5,2022-12-29
Huobi,343584629.5,2022-12-29
Kraken,321795653.6,2022-12-29
Bybit,307452134.3,2022-12-29
Gate.io,288585587,2022-12-29
Binance US,141474487.8,2022-12-29
Bitfinex,76786188.83,2022-12-29
Bitstamp,71216276.03,2022-12-29
Gemini,52981618.68,2022-12-29
Binance,4202024656,2022-12-28
Coinbase_Exchange,1009502563,2022-12-28
MEXC_Global,521104337.5,2022-12-28
OKX,396528538.6,2022-12-28
Bitget,338595567.2,2022-12-28
Huobi,336931437.5,2022-12-28
KuCoin,318892758.7,2022-12-28
Kraken,312073959.1,2022-12-28
Bybit,287630013.9,2022-12-28
Gate.io,278671071.7,2022-12-28
Binance US,137200391.5,2022-12-28
Bitfinex,74466469.36,2022-12-28
Bitstamp,69064712.53,2022-12-28
Gemini,27809025.91,2022-12-28
Binance,2849276501,2022-12-27
Coinbase_Exchange,650702942.4,2022-12-27
MEXC_Global,353346513.5,2022-12-27
Huobi,291485798,2022-12-27
OKX,268874928.8,2022-12-27
KuCoin,260714481,2022-12-27
Bitget,229592281.9,2022-12-27
Kraken,211608649.3,2022-12-27
Bybit,204575700.5,2022-12-27
Gate.io,150036915.4,2022-12-27
Binance US,93031863.12,2022-12-27
Bitfinex,50493716.71,2022-12-27
Gemini,10653628.22,2022-12-27
Binance,2235106950,2022-12-26
Coinbase_Exchange,621161362.7,2022-12-26
Huobi,293515992.2,2022-12-26
MEXC_Global,277181592,2022-12-26
KuCoin,241131917.6,2022-12-26
OKX,210918317.8,2022-12-26
Bybit,203429484,2022-12-26
Bitget,180103055.6,2022-12-26
Gate.io,169128322.5,2022-12-26
Kraken,165995935.6,2022-12-26
Binance US,72978493.87,2022-12-26
Bitfinex,39609580.3,2022-12-26
Bitstamp,36736301.07,2022-12-26
Gemini,5754818.874,2022-12-26
Binance,1265646943,2022-12-25
Coinbase_Exchange,346612325.5,2022-12-25
Huobi,195917869.9,2022-12-25
MEXC_Global,156956353.3,2022-12-25
Gate.io,142365115.3,2022-12-25
KuCoin,136542755.3,2022-12-25
OKX,119434103.9,2022-12-25
Bybit,111598822.8,2022-12-25
Bitget,101984693,2022-12-25
Kraken,84119471.33,2022-12-25
Binance US,41324620.65,2022-12-25
Bitfinex,22429211.47,2022-12-25
Bitstamp,20802316.21,2022-12-25
Gemini,5097425.68,2022-12-25
Binance,2292476706,2022-12-24
Coinbase_Exchange,747663527.8,2022-12-24
MEXC_Global,284296240.7,2022-12-24
Huobi,247948732.7,2022-12-24
Gate.io,227688867.3,2022-12-24
OKX,216331953.8,2022-12-24
KuCoin,185264931,2022-12-24
Bitget,184725776.3,2022-12-24
Kraken,170256607.5,2022-12-24
Bybit,164281985.8,2022-12-24
Binance US,74851803.08,2022-12-24
Bitfinex,40626249.14,2022-12-24
Bitstamp,37679240.31,2022-12-24
Gemini,10543638,2022-12-24
Binance,4035432663,2022-12-23
Coinbase_Exchange,1114668031,2022-12-23
MEXC_Global,500444824.8,2022-12-23
OKX,380807948.4,2022-12-23
Huobi,336617285.5,2022-12-23
Bitget,325171738.3,2022-12-23
Kraken,299701589.3,2022-12-23
KuCoin,294537740.4,2022-12-23
Bybit,265206099.2,2022-12-23
Gate.io,252190971.6,2022-12-23
Binance US,131761033.3,2022-12-23
Bitfinex,71514159.38,2022-12-23
Bitstamp,66326677.25,2022-12-23
Gemini,24459661.93,2022-12-23
Binance,3376796090,2022-12-22
Coinbase_Exchange,880623009.7,2022-12-22
MEXC_Global,418765569.2,2022-12-22
OKX,318654914,2022-12-22
Huobi,299509672,2022-12-22
Bitget,272099331.1,2022-12-22
Kraken,250786224.6,2022-12-22
KuCoin,244859664.4,2022-12-22
Gate.io,212863630.8,2022-12-22
Bybit,197788699.2,2022-12-22
Binance US,110255857.8,2022-12-22
Bitstamp,55501194.68,2022-12-22
Bitfinex,54799515.49,2022-12-22
Gemini,13568429.51,2022-12-22
Binance,4113336861,2022-12-21
Coinbase_Exchange,1158871605,2022-12-21
MEXC_Global,510106008.7,2022-12-21
OKX,388159392.4,2022-12-21
Bitget,331449143.7,2022-12-21
Huobi,330600555.8,2022-12-21
Kraken,305487407.4,2022-12-21
Bybit,263839592.5,2022-12-21
KuCoin,260910954.3,2022-12-21
Gate.io,202531479.4,2022-12-21
Binance US,134304681.6,2022-12-21
Bitfinex,72894704.31,2022-12-21
Bitstamp,67607025.61,2022-12-21
Gemini,11812039.44,2022-12-21
Binance,6345618011,2022-12-20
Coinbase_Exchange,1639864051,2022-12-20
MEXC_Global,920288300.3,2022-12-20
OKX,553312380,2022-12-20
Bitget,488860071.3,2022-12-20
Gate.io,425686979.6,2022-12-20
Kraken,412627795.2,2022-12-20
KuCoin,386251833.1,2022-12-20
Bybit,363963543.6,2022-12-20
Huobi,359476610,2022-12-20
Binance US,199785651.4,2022-12-20
Bitfinex,111655799.8,2022-12-20
Gemini,28559531.34,2022-12-20
Binance,3453651608,2022-12-19
Coinbase_Exchange,795615765.3,2022-12-19
MEXC_Global,500873987.4,2022-12-19
Bitget,336142192.6,2022-12-19
OKX,301144586.7,2022-12-19
Huobi,289939713.1,2022-12-19
Gate.io,288294815.3,2022-12-19
KuCoin,265567127,2022-12-19
Kraken,224575804.3,2022-12-19
Bybit,196966775.1,2022-12-19
Binance US,108734855.9,2022-12-19
Bitfinex,58983845.9,2022-12-19
Gemini,11625171.3,2022-12-19
Binance,2183794869,2022-12-18
Coinbase_Exchange,658394133.3,2022-12-18
MEXC_Global,316710006.9,2022-12-18
KuCoin,261701741.9,2022-12-18
Bybit,257468435.5,2022-12-18
Bitget,212547655.1,2022-12-18
Gate.io,201486645.3,2022-12-18
Huobi,194543368.1,2022-12-18
OKX,190418119.9,2022-12-18
Kraken,138775189,2022-12-18
Binance US,68754694.55,2022-12-18
Bitfinex,38425435.03,2022-12-18
Bitstamp,30791053.5,2022-12-18
Gemini,9927318.104,2022-12-18
Binance,6167249576,2022-12-17
Coinbase_Exchange,1895145625,2022-12-17
MEXC_Global,894419975,2022-12-17
Bitget,587362676.6,2022-12-17
OKX,537759386.5,2022-12-17
Gate.io,529864406.8,2022-12-17
Bybit,482147361.1,2022-12-17
KuCoin,423187385.4,2022-12-17
Kraken,401029183.7,2022-12-17
Huobi,391249627.2,2022-12-17
Binance US,194169944.3,2022-12-17
Bitfinex,108517243.5,2022-12-17
Gemini,29318159.69,2022-12-17
Binance,6232868697,2022-12-16
Coinbase_Exchange,1672107796,2022-12-16
MEXC_Global,816021890.6,2022-12-16
OKX,543481149.9,2022-12-16
Bitget,529884364.4,2022-12-16
Gate.io,460615448.3,2022-12-16
Bybit,433569524.4,2022-12-16
Huobi,410099922.4,2022-12-16
Kraken,405296209.6,2022-12-16
KuCoin,365574553,2022-12-16
Binance US,196235905.2,2022-12-16
Bitfinex,109671890.2,2022-12-16
Gemini,18766642.69,2022-12-16
Binance,6936070260,2022-12-15
Coinbase_Exchange,2373648061,2022-12-15
MEXC_Global,1005919897,2022-12-15
OKX,604797484.3,2022-12-15
Bitget,578528752.6,2022-12-15
Huobi,541229919.4,2022-12-15
Bybit,518542451.4,2022-12-15
Gate.io,470630337.5,2022-12-15
Kraken,451022250.7,2022-12-15
KuCoin,444618913.5,2022-12-15
Binance US,218375566.4,2022-12-15
Bitfinex,122045211.7,2022-12-15
Gemini,33315780.33,2022-12-15
Binance,6360173401,2022-12-14
Coinbase_Exchange,1433674904,2022-12-14
MEXC_Global,835838073.5,2022-12-14
Bitget,604003356,2022-12-14
OKX,554581579,2022-12-14
Huobi,458269448.1,2022-12-14
Gate.io,432663577.6,2022-12-14
Kraken,413574272.1,2022-12-14
KuCoin,396564420.1,2022-12-14
Bybit,383464829.6,2022-12-14
Binance US,200243968.9,2022-12-14
Bitfinex,111911974.2,2022-12-14
Gemini,31579462.87,2022-12-14
Binance,7506653209,2022-12-13
Coinbase_Exchange,1502463069,2022-12-13
MEXC_Global,1088670189,2022-12-13
OKX,654549874.6,2022-12-13
Gate.io,530728316.2,2022-12-13
Bitget,514736118.3,2022-12-13
Kraken,488124864,2022-12-13
Huobi,487456833.7,2022-12-13
Bybit,440293999.8,2022-12-13
KuCoin,430914967.1,2022-12-13
Binance US,236339818.4,2022-12-13
Bitfinex,132085151.4,2022-12-13
Bitstamp,106363605.7,2022-12-13
Gemini,30435115.4,2022-12-13
Binance,4773019215,2022-12-12
Coinbase_Exchange,1020227450,2022-12-12
MEXC_Global,692218310.5,2022-12-12
Bitget,449572739.1,2022-12-12
Gate.io,440380027,2022-12-12
OKX,416188062.2,2022-12-12
Huobi,332102887.5,2022-12-12
KuCoin,325507735.3,2022-12-12
Kraken,310368496.5,2022-12-12
Bybit,256112450.5,2022-12-12
Binance US,150273857.5,2022-12-12
Bitfinex,83984771.95,2022-12-12
Gemini,14166980.1,2022-12-12
Binance,1885945703,2022-12-11
Coinbase_Exchange,479912202.6,2022-12-11
MEXC_Global,273513804.3,2022-12-11
KuCoin,215432514.6,2022-12-11
Bitget,184429725.4,2022-12-11
Gate.io,174005732,2022-12-11
Huobi,168009409.4,2022-12-11
OKX,164446959,2022-12-11
Bybit,136893728.1,2022-12-11
Kraken,105085595.9,2022-12-11
Binance US,59377147.36,2022-12-11
Bitfinex,33184627.04,2022-12-11
Bitstamp,26722495.72,2022-12-11
Gemini,12334752.93,2022-12-11
Binance,3441684835,2022-12-10
Coinbase_Exchange,814838234.6,2022-12-10
MEXC_Global,499138472,2022-12-10
Bitget,324266666.2,2022-12-10
Huobi,306602447,2022-12-10
OKX,290505269,2022-12-10
KuCoin,245732198.8,2022-12-10
Kraken,223797741,2022-12-10
Bybit,200143862.2,2022-12-10
Gate.io,179376105.3,2022-12-10
Binance US,104893431.2,2022-12-10
Bitfinex,60558967.8,2022-12-10
Bitstamp,48766005,2022-12-10
Gemini,17743154.66,2022-12-10
Binance,5437039070,2022-12-09
Coinbase_Exchange,1174592310,2022-12-09
MEXC_Global,788519405.2,2022-12-09
Bitget,529184358.9,2022-12-09
Gate.io,501645441,2022-12-09
Huobi,484358556.2,2022-12-09
OKX,474087901.9,2022-12-09
Kraken,353546774.2,2022-12-09
KuCoin,318299398.8,2022-12-09
Bybit,305302716.1,2022-12-09
Binance US,171179963.5,2022-12-09
Bitfinex,95668787.34,2022-12-09
Bitstamp,77038790.78,2022-12-09
Gemini,22579210.07,2022-12-09
Binance,4360920083,2022-12-08
Coinbase_Exchange,994521867.6,2022-12-08
MEXC_Global,632452657.7,2022-12-08
Bitget,424446205.1,2022-12-08
Gate.io,402357916.1,2022-12-08
Huobi,388492448.2,2022-12-08
OKX,380254629,2022-12-08
Kraken,283571474.5,2022-12-08
KuCoin,275137669.2,2022-12-08
Bybit,221286827,2022-12-08
Binance US,137299459,2022-12-08
Bitfinex,76733692.11,2022-12-08
Gemini,31049386.23,2022-12-08
Binance,5048623362,2022-12-07
Coinbase_Exchange,1356356722,2022-12-07
MEXC_Global,732188605.1,2022-12-07
Bitget,491380155,2022-12-07
Gate.io,465808455.8,2022-12-07
Huobi,447315998.1,2022-12-07
OKX,440219713.6,2022-12-07
KuCoin,339711628.3,2022-12-07
Kraken,328289806.3,2022-12-07
Bybit,305982593.7,2022-12-07
Binance US,158951102.6,2022-12-07
Bitfinex,88834331.19,2022-12-07
Gemini,26038102.66,2022-12-07
Binance,5094105164,2022-12-06
Coinbase_Exchange,1387324406,2022-12-06
MEXC_Global,739241220.6,2022-12-06
Bitget,495806893.4,2022-12-06
Gate.io,470004694.1,2022-12-06
OKX,444185494.9,2022-12-06
Huobi,353070979.2,2022-12-06
KuCoin,343022472.9,2022-12-06
Kraken,331247280.6,2022-12-06
Bybit,270634943.2,2022-12-06
Binance US,160482172.4,2022-12-06
Bitfinex,84919390.19,2022-12-06
Gemini,29400750.82,2022-12-06
Binance,5257542436,2022-12-05
Coinbase_Exchange,1264722489,2022-12-05
MEXC_Global,762487543.5,2022-12-05
Bitget,511714040.7,2022-12-05
OKX,459452698,2022-12-05
Gate.io,458079582.3,2022-12-05
KuCoin,406329572.2,2022-12-05
Kraken,342632799.1,2022-12-05
Bybit,316658517.1,2022-12-05
Huobi,253945009.5,2022-12-05
Binance US,165528697.9,2022-12-05
Bitfinex,92715376.72,2022-12-05
Gemini,22684403.3,2022-12-05
Binance,3124875543,2022-12-04
Coinbase_Exchange,734843613.3,2022-12-04
MEXC_Global,453192538.5,2022-12-04
Bitget,304142723,2022-12-04
Gate.io,288314915,2022-12-04
OKX,272476588.6,2022-12-04
KuCoin,257272921.8,2022-12-04
Huobi,207340434.5,2022-12-04
Kraken,203196910.3,2022-12-04
Bybit,202226683.6,2022-12-04
Binance US,98119448.74,2022-12-04
Bitfinex,54984485.67,2022-12-04
Bitstamp,40888631.39,2022-12-04
Gemini,12844348.44,2022-12-04
Binance,4312379770,2022-12-03
Coinbase_Exchange,1094374541,2022-12-03
MEXC_Global,625413008.6,2022-12-03
Bitget,419721786.4,2022-12-03
Gate.io,397879320.1,2022-12-03
OKX,376022101.1,2022-12-03
KuCoin,306727339,2022-12-03
Kraken,280415145.4,2022-12-03
Huobi,241040882.4,2022-12-03
Bybit,203602274.6,2022-12-03
Binance US,135771081.4,2022-12-03
Bitfinex,75879551,2022-12-03
Gemini,18967556.15,2022-12-03
Binance,5618371818,2022-12-02
Coinbase_Exchange,1282112584,2022-12-02
MEXC_Global,814817624.5,2022-12-02
Bitget,527989757.9,2022-12-02
OKX,489899486.4,2022-12-02
Gate.io,465452949.3,2022-12-02
KuCoin,434523230.1,2022-12-02
Kraken,365338201.8,2022-12-02
Bybit,326447293.3,2022-12-02
Huobi,261803868.3,2022-12-02
Binance US,176889118.9,2022-12-02
Bitfinex,90921061.34,2022-12-02
Gemini,26291446.23,2022-12-02
Binance,6890270052,2022-12-01
Coinbase_Exchange,1813976340,2022-12-01
MEXC_Global,999277692.5,2022-12-01
KuCoin,830178217.7,2022-12-01
OKX,600803810.1,2022-12-01
Gate.io,565364875.8,2022-12-01
Bitget,529558717.3,2022-12-01
Kraken,448044015.3,2022-12-01
Bybit,396178602.6,2022-12-01
Huobi,301497243.3,2022-12-01
Binance US,216933638.7,2022-12-01
Bitfinex,121239459.6,2022-12-01
Bitstamp,97629938.63,2022-12-01
Gemini,31476507.99,2022-12-01
Binance,6374498326,2022-11-30
Coinbase_Exchange,1566716794,2022-11-30
MEXC_Global,924476733.8,2022-11-30
Gate.io,588139518.4,2022-11-30
OKX,555830669.8,2022-11-30
Bitget,553525281.1,2022-11-30
KuCoin,502100299.2,2022-11-30
Kraken,414505651.3,2022-11-30
Bybit,364216323,2022-11-30
Huobi,313671384.1,2022-11-30
Binance US,200695020.6,2022-11-30
Bitfinex,112163977.2,2022-11-30
Bitstamp,90321836.39,2022-11-30
Gemini,33583527.38,2022-11-30
Binance,7632438135,2022-11-29
Coinbase_Exchange,1494661884,2022-11-29
MEXC_Global,1104949609,2022-11-29
Gate.io,704202705.7,2022-11-29
OKX,665517918.8,2022-11-29
Bitget,542693457.2,2022-11-29
KuCoin,508460428.3,2022-11-29
Kraken,496304058.8,2022-11-29
Bybit,349930754.7,2022-11-29
Huobi,338261548.2,2022-11-29
Binance US,239873878.6,2022-11-29
Bitfinex,126362933.1,2022-11-29
Gemini,26157410.13,2022-11-29
Binance,5445704358,2022-11-28
Coinbase_Exchange,1212830981,2022-11-28
MEXC_Global,789776157.8,2022-11-28
Gate.io,498595043.5,2022-11-28
KuCoin,486972411.6,2022-11-28
OKX,474843524.9,2022-11-28
Bitget,449024204.9,2022-11-28
Kraken,354110338.8,2022-11-28
Bybit,331777435.6,2022-11-28
Huobi,312474931.1,2022-11-28
Binance US,171452821.3,2022-11-28
Bitfinex,95821203.1,2022-11-28
Bitstamp,77161564.36,2022-11-28
Gemini,18962678.6,2022-11-28
Binance,3558486769,2022-11-27
Coinbase_Exchange,776820832.8,2022-11-27
MEXC_Global,516077951.8,2022-11-27
KuCoin,353684360.6,2022-11-27
Bitget,346130315.5,2022-11-27
Gate.io,328321797.3,2022-11-27
OKX,310092708.5,2022-11-27
Huobi,265584742.1,2022-11-27
Bybit,243738580,2022-11-27
Kraken,231248790.5,2022-11-27
Binance US,92960355.65,2022-11-27
Bitfinex,62614195.59,2022-11-27
Bitstamp,42716070.42,2022-11-27
Gemini,14630891.6,2022-11-27
Binance,3966737128,2022-11-26
Coinbase_Exchange,939039563.3,2022-11-26
MEXC_Global,575285372.8,2022-11-26
Bitget,386080654.2,2022-11-26
KuCoin,375294529.4,2022-11-26
Gate.io,365988794.6,2022-11-26
OKX,345883496.5,2022-11-26
Bybit,296418596.6,2022-11-26
Huobi,294555458.7,2022-11-26
Kraken,257939573.8,2022-11-26
Binance US,120330833.1,2022-11-26
Bitfinex,69797656.76,2022-11-26
Bitstamp,56205709.4,2022-11-26
Gemini,21497923.16,2022-11-26
Binance,5313727395,2022-11-25
Coinbase_Exchange,1125917170,2022-11-25
MEXC_Global,770635791.9,2022-11-25
Gate.io,490268142,2022-11-25
OKX,463335700.9,2022-11-25
Bitget,438187261.4,2022-11-25
KuCoin,421778831,2022-11-25
Kraken,345528461.8,2022-11-25
Bybit,340002227.1,2022-11-25
Huobi,283222909.6,2022-11-25
Binance US,149830093,2022-11-25
Bitfinex,93498959.99,2022-11-25
Gemini,16684198.18,2022-11-25
Binance,6847351594,2022-11-24
Coinbase_Exchange,1757888647,2022-11-24
MEXC_Global,993216805.9,2022-11-24
Gate.io,631871028.9,2022-11-24
OKX,597159822.9,2022-11-24
KuCoin,497633461.8,2022-11-24
Bitget,478392966.3,2022-11-24
Kraken,445253345.9,2022-11-24
Bybit,416441880.5,2022-11-24
Huobi,338422954.3,2022-11-24
Binance US,215617811.6,2022-11-24
Bitfinex,120504081.5,2022-11-24
Gemini,34157308.25,2022-11-24
Binance,7383561565,2022-11-23
Coinbase_Exchange,1818279011,2022-11-23
MEXC_Global,1070818512,2022-11-23
Gate.io,681240195.2,2022-11-23
OKX,643816789.3,2022-11-23
KuCoin,608907408.6,2022-11-23
Bitget,604477864.8,2022-11-23
Bybit,548104820.1,2022-11-23
Kraken,480120644.5,2022-11-23
Huobi,370735819.5,2022-11-23
Binance US,232464428.6,2022-11-23
Bitfinex,129919163.3,2022-11-23
Gemini,35066466.05,2022-11-23
Binance,8275120913,2022-11-22
Coinbase_Exchange,2121466041,2022-11-22
MEXC_Global,1194220608,2022-11-22
Gate.io,763499409.3,2022-11-22
OKX,721557308,2022-11-22
KuCoin,636663367.4,2022-11-22
Kraken,538094844,2022-11-22
Bybit,518184694.2,2022-11-22
Bitget,489343928.8,2022-11-22
Huobi,360213451.7,2022-11-22
Binance US,260534312.9,2022-11-22
Bitfinex,145606938.2,2022-11-22
Gemini,46920000.74,2022-11-22
Binance,7030285014,2022-11-21
Coinbase_Exchange,1580730846,2022-11-21
MEXC_Global,1019583613,2022-11-21
Gate.io,648645267.8,2022-11-21
OKX,613012618.4,2022-11-21
KuCoin,545969843,2022-11-21
Bybit,483842212.7,2022-11-21
Kraken,457148643.4,2022-11-21
Bitget,448721310.4,2022-11-21
Huobi,259127364.7,2022-11-21
Binance US,221341769.6,2022-11-21
Bitfinex,123703048.2,2022-11-21
Gemini,46232104.35,2022-11-21
Binance,3566300339,2022-11-20
Coinbase_Exchange,737842599.9,2022-11-20
MEXC_Global,517211084.3,2022-11-20
KuCoin,388443318,2022-11-20
Bybit,352042123.2,2022-11-20
Gate.io,329042678.2,2022-11-20
OKX,310967082.3,2022-11-20
Bitget,308044251,2022-11-20
Kraken,231900867.6,2022-11-20
Huobi,212366341.2,2022-11-20
Binance US,112087150.6,2022-11-20
Bitfinex,62751739.87,2022-11-20
Bitstamp,50531747.05,2022-11-20
Gemini,20134434.14,2022-11-20
Binance,3422134188,2022-11-19
Coinbase_Exchange,877998823.4,2022-11-19
MEXC_Global,496303053.9,2022-11-19
KuCoin,340708604.1,2022-11-19
Bitget,333074628.7,2022-11-19
Gate.io,315741288.5,2022-11-19
OKX,298396283.2,2022-11-19
Bybit,255769337.8,2022-11-19
Kraken,222526466.3,2022-11-19
Huobi,197049885.7,2022-11-19
Binance US,107742539,2022-11-19
Bitfinex,60214918.07,2022-11-19
Bitstamp,48488991.9,2022-11-19
Gemini,24867495.67,2022-11-19
Binance,5571487245,2022-11-18
Coinbase_Exchange,1236538186,2022-11-18
MEXC_Global,808018187.7,2022-11-18
Gate.io,514050084.4,2022-11-18
OKX,485811251,2022-11-18
KuCoin,438390130.9,2022-11-18
Bybit,422133668.8,2022-11-18
Bitget,416790720.2,2022-11-18
Kraken,362289359.3,2022-11-18
Huobi,225217762.1,2022-11-18
Binance US,175412872.6,2022-11-18
Bitfinex,98034399.36,2022-11-18
Bitstamp,78943796.12,2022-11-18
Gemini,56444647.45,2022-11-18
Binance,6586682356,2022-11-17
Coinbase_Exchange,1413231751,2022-11-17
MEXC_Global,955249116.5,2022-11-17
KuCoin,793600138.3,2022-11-17
Gate.io,607716605.7,2022-11-17
OKX,574332233.6,2022-11-17
Bitget,464739328.7,2022-11-17
Bybit,445315418.3,2022-11-17
Kraken,428303094.1,2022-11-17
Huobi,229833122,2022-11-17
Binance US,207375317.7,2022-11-17
Gemini,118843940.3,2022-11-17
Bitfinex,115897581.6,2022-11-17
Binance,8056365106,2022-11-16
Coinbase_Exchange,1770200009,2022-11-16
MEXC_Global,1168393343,2022-11-16
Gate.io,743315983.9,2022-11-16
OKX,702482673,2022-11-16
KuCoin,701566831.9,2022-11-16
Bybit,588839576.2,2022-11-16
Kraken,523870093.9,2022-11-16
Bitget,487038715.2,2022-11-16
Huobi,277477971,2022-11-16
Binance US,253646858.7,2022-11-16
Bitfinex,141757645,2022-11-16
Gemini,101912666.3,2022-11-16
Binance,7953800939,2022-11-15
Coinbase_Exchange,2001377690,2022-11-15
Bybit,806019517.7,2022-11-15
MEXC_Global,778249216.3,2022-11-15
Gate.io,755840162.5,2022-11-15
OKX,680588482.3,2022-11-15
KuCoin,652244427.1,2022-11-15
Bitget,640474951,2022-11-15
Kraken,586620733.1,2022-11-15
Huobi,306518757.8,2022-11-15
Bitfinex,298062898.2,2022-11-15
Binance US,235816590.1,2022-11-15
Gemini,57603107.68,2022-11-15
Binance,8138856656,2022-11-14
Coinbase_Exchange,1984592860,2022-11-14
MEXC_Global,796356339.5,2022-11-14
KuCoin,770459206,2022-11-14
Gate.io,768201812.2,2022-11-14
OKX,696423252,2022-11-14
Bybit,656958169.9,2022-11-14
Bitget,652929111.7,2022-11-14
Kraken,600269179.9,2022-11-14
Huobi,311531967.6,2022-11-14
Bitfinex,265119178.3,2022-11-14
Binance US,241303058.4,2022-11-14
Gemini,62116101.1,2022-11-14
Binance,3796461844,2022-11-13
Coinbase_Exchange,1060131259,2022-11-13
KuCoin,449690538.7,2022-11-13
Bybit,424628931.7,2022-11-13
MEXC_Global,371469463.6,2022-11-13
Gate.io,360773188.8,2022-11-13
OKX,323862451.1,2022-11-13
Bitget,304566124.6,2022-11-13
Kraken,279147252.4,2022-11-13
Bitfinex,159029571.2,2022-11-13
Huobi,146305791.2,2022-11-13
Binance US,112214813.7,2022-11-13
Gemini,47609681.06,2022-11-13
Binance,8034339372,2022-11-12
Coinbase_Exchange,2117851935,2022-11-12
Bybit,1092386726,2022-11-12
KuCoin,779822984.9,2022-11-12
MEXC_Global,769514119.3,2022-11-12
Gate.io,747356360.5,2022-11-12
OKX,672949558,2022-11-12
Bitget,585314763.4,2022-11-12
Kraken,580036306,2022-11-12
Bitfinex,312564078.3,2022-11-12
Huobi,309622539.8,2022-11-12
Binance US,233169669.4,2022-11-12
Bitstamp,114886996.1,2022-11-12
Gemini,87757639.56,2022-11-12
Binance,11887728364,2022-11-11
Coinbase_Exchange,2949945627,2022-11-11
Bybit,1250475269,2022-11-11
MEXC_Global,1163169058,2022-11-11
Gate.io,1129676505,2022-11-11
KuCoin,1107991274,2022-11-11
OKX,1017205631,2022-11-11
Kraken,876761572.1,2022-11-11
Bitget,708691442.1,2022-11-11
Bitfinex,499489354,2022-11-11
Huobi,458122155.4,2022-11-11
Binance US,352450783.5,2022-11-11
Bitstamp,173658953.7,2022-11-11
Gemini,107456969.9,2022-11-11
Binance,21393604098,2022-11-10
Coinbase_Exchange,5811865793,2022-11-10
KuCoin,2606730908,2022-11-10
Bybit,2462405654,2022-11-10
Gate.io,1936471345,2022-11-10
OKX,1883091560,2022-11-10
Kraken,1577853382,2022-11-10
Bitget,1012030982,2022-11-10
Bitfinex,898899822.2,2022-11-10
Huobi,848093866.8,2022-11-10
Binance US,652470816.2,2022-11-10
Bitstamp,321484354.8,2022-11-10
Gemini,229979659.6,2022-11-10
Binance,27234110555,2022-11-09
Coinbase_Exchange,5855570747,2022-11-09
Bybit,3476512392,2022-11-09
KuCoin,2961239660,2022-11-09
Gate.io,2435950002,2022-11-09
OKX,2330360384,2022-11-09
Kraken,2008611088,2022-11-09
Bitget,1173801967,2022-11-09
Bitfinex,1144301615,2022-11-09
Huobi,1049531706,2022-11-09
Binance US,807444620.6,2022-11-09
Bitstamp,397842764.8,2022-11-09
Gemini,288131003,2022-11-09
Binance,10534737349,2022-11-08
Coinbase_Exchange,3072103913,2022-11-08
Bybit,1700630872,2022-11-08
FTX,1406686926,2022-11-08
KuCoin,1247838418,2022-11-08
MEXC_Global,1030784155,2022-11-08
Gate.io,1001103274,2022-11-08
OKX,903571615.4,2022-11-08
Kraken,776973876.3,2022-11-08
Bitget,576205899.3,2022-11-08
Huobi,405981417.2,2022-11-08
Binance US,312336850.3,2022-11-08
Bitfinex,294711262.6,2022-11-08
Gemini,98179211.59,2022-11-08
Binance,6248017385,2022-11-07
Coinbase_Exchange,1852900662,2022-11-07
Bybit,1057930149,2022-11-07
FTX,832313591.6,2022-11-07
KuCoin,740077045.7,2022-11-07
MEXC_Global,611344761.5,2022-11-07
Gate.io,593741517.5,2022-11-07
OKX,534628553,2022-11-07
Kraken,460813158.2,2022-11-07
Bitget,394232904.5,2022-11-07
Huobi,240782247.4,2022-11-07
Binance US,185242911.1,2022-11-07
Bitfinex,156629633.8,2022-11-07
Gemini,42463807.43,2022-11-07
Binance,3504950754,2022-11-06
Coinbase_Exchange,1227430797,2022-11-06
Bybit,676102887.2,2022-11-06
FTX,466902978.2,2022-11-06
KuCoin,415160994.2,2022-11-06
MEXC_Global,342946093.3,2022-11-06
Gate.io,333071226.4,2022-11-06
OKX,299910545.2,2022-11-06
Bitget,281179977.1,2022-11-06
Kraken,220906089.4,2022-11-06
Huobi,135071736.8,2022-11-06
Bitfinex,107170163.2,2022-11-06
Binance US,103915839.5,2022-11-06
Bitstamp,51201189.17,2022-11-06
Gemini,29876207.28,2022-11-06
Binance,9039037852,2022-11-05
Coinbase_Exchange,3012611745,2022-11-05
Bybit,1455751413,2022-11-05
FTX,1209552497,2022-11-05
KuCoin,1075510460,2022-11-05
Gate.io,858968860,2022-11-05
OKX,773449734.3,2022-11-05
Kraken,626899817.2,2022-11-05
Bitget,522475378.1,2022-11-05
Bitfinex,379795310.5,2022-11-05
Huobi,348340905.6,2022-11-05
Binance US,267992042.3,2022-11-05
Bitstamp,132641264.2,2022-11-05
Gemini,75665454.91,2022-11-05
Binance,6893281976,2022-11-04
Coinbase_Exchange,2400480553,2022-11-04
Bybit,1012107347,2022-11-04
FTX,918270677.4,2022-11-04
KuCoin,816508515.9,2022-11-04
MEXC_Global,674481578.3,2022-11-04
Gate.io,655060184.1,2022-11-04
OKX,589842335.3,2022-11-04
Kraken,508403755.9,2022-11-04
Bitget,503852401,2022-11-04
Huobi,265649074.5,2022-11-04
Binance US,204374075.2,2022-11-04
Bitfinex,167547893.5,2022-11-04
Bitstamp,100698728,2022-11-04
Gemini,80058872.19,2022-11-04
Binance,7951192656,2022-11-03
Coinbase_Exchange,3191708798,2022-11-03
Bybit,1205746376,2022-11-03
FTX,1059197597,2022-11-03
KuCoin,941817788.9,2022-11-03
Gate.io,755592233.7,2022-11-03
OKX,680365384.4,2022-11-03
Kraken,586428351.1,2022-11-03
Bitget,511544021,2022-11-03
Huobi,306418238.7,2022-11-03
Binance US,235739160,2022-11-03
Bitfinex,233609514.5,2022-11-03
Bitstamp,116152966.4,2022-11-03
Gemini,78566862.97,2022-11-03
Binance,5364345709,2022-11-02
Coinbase_Exchange,1891565680,2022-11-02
Bybit,929305273.1,2022-11-02
FTX,712736406.7,2022-11-02
KuCoin,633751444.7,2022-11-02
MEXC_Global,523513958.2,2022-11-02
Gate.io,508439794.4,2022-11-02
OKX,457819347.5,2022-11-02
Kraken,394608975.7,2022-11-02
Bitget,394341495.6,2022-11-02
Huobi,206189579.4,2022-11-02
Binance US,158629545,2022-11-02
Bitfinex,132642970.4,2022-11-02
Gemini,45497520.42,2022-11-02
Binance,6779005243,2022-11-01
Coinbase_Exchange,2192134016,2022-11-01
Bybit,1269147958,2022-11-01
FTX,903047656.9,2022-11-01
KuCoin,802972353.1,2022-11-01
MEXC_Global,663299909,2022-11-01
Gate.io,644200697.4,2022-11-01
OKX,580063908,2022-11-01
Kraken,499975328.7,2022-11-01
Bitget,436238084.5,2022-11-01
Huobi,261245259.5,2022-11-01
Binance US,200985889.7,2022-11-01
Bitfinex,185819207.4,2022-11-01
Gemini,51642721.85,2022-11-01
Binance,5021713862,2022-10-31
Coinbase_Exchange,1650180561,2022-10-31
Bybit,1049020651,2022-10-31
FTX,668954686.3,2022-10-31
KuCoin,594821478.8,2022-10-31
Gate.io,477207315.6,2022-10-31
OKX,429696636,2022-10-31
Kraken,370368981.9,2022-10-31
Bitget,340422081.9,2022-10-31
Huobi,193523697.4,2022-10-31
Binance US,148885177.5,2022-10-31
Bitfinex,108763188.2,2022-10-31
Gemini,48705531.22,2022-10-31
Binance,5467651201,2022-10-30
Coinbase_Exchange,2203082929,2022-10-30
Bybit,1281541243,2022-10-30
FTX,728358970.2,2022-10-30
KuCoin,647642634.6,2022-10-30
Gate.io,519584314.9,2022-10-30
OKX,467854339.2,2022-10-30
Bitget,438635047.2,2022-10-30
Kraken,403258391.9,2022-10-30
Huobi,210708985.9,2022-10-30
Binance US,162106392,2022-10-30
Bitfinex,159952392.5,2022-10-30
Bitstamp,79872889.63,2022-10-30
Gemini,55728573.13,2022-10-30
Binance,6498291707,2022-10-29
Coinbase_Exchange,1934452287,2022-10-29
Bybit,1317774251,2022-10-29
FTX,859636988.5,2022-10-29
KuCoin,764372441.3,2022-10-29
MEXC_Global,631414147.4,2022-10-29
Gate.io,613233031.7,2022-10-29
OKX,552179455.8,2022-10-29
Kraken,479271743.4,2022-10-29
Bitget,423986682.5,2022-10-29
Huobi,248686791.3,2022-10-29
Binance US,191324143.5,2022-10-29
Bitfinex,160815099.4,2022-10-29
Gemini,60968488.44,2022-10-29
Binance,6929399146,2022-10-28
Coinbase_Exchange,2548626072,2022-10-28
Bybit,1525387417,2022-10-28
FTX,923082055.1,2022-10-28
KuCoin,820786581.5,2022-10-28
MEXC_Global,678015453.5,2022-10-28
Gate.io,658492365.2,2022-10-28
OKX,592932795,2022-10-28
Kraken,511067419.3,2022-10-28
Bitget,358726917,2022-10-28
Huobi,267041116.1,2022-10-28
Binance US,205444722,2022-10-28
Bitfinex,169214549.9,2022-10-28
Gemini,62685491.21,2022-10-28
Binance,8177688131,2022-10-27
Coinbase_Exchange,2802103253,2022-10-27
Bybit,1752186234,2022-10-27
FTX,1089369604,2022-10-27
KuCoin,968646249.2,2022-10-27
Gate.io,777115925.7,2022-10-27
OKX,699746072.1,2022-10-27
Kraken,603133247.3,2022-10-27
Bitget,392647066,2022-10-27
Bitfinex,343603743,2022-10-27
Huobi,315146818.5,2022-10-27
Binance US,242454485.8,2022-10-27
Bitstamp,119461783.6,2022-10-27
Gemini,68304187.41,2022-10-27
Binance,11907006396,2022-10-26
Coinbase_Exchange,3509079462,2022-10-26
Bybit,2210739766,2022-10-26
FTX,1586161148,2022-10-26
KuCoin,1405359776,2022-10-26
Gate.io,1127477952,2022-10-26
OKX,1018855164,2022-10-26
Kraken,875055381.1,2022-10-26
Bitfinex,500299375.9,2022-10-26
Huobi,457230670.1,2022-10-26
Bitget,437707664,2022-10-26
Binance US,351764812.8,2022-10-26
Bitstamp,173940604.2,2022-10-26
Gemini,111994824.3,2022-10-26
