Txhash,Blockno,UnixTimestamp,DateTime,From,To,ContractAddress,Value_IN(BNB),Value_OUT(BNB),CurrentValue @ $306.71/BNB,TxnFee(BNB),TxnFee(USD),Historical $Price/BNB,Status,ErrCode,Method
0xb40b33a6e6dd906b71f89ba35599f195e86ee85ca70c74850a7a757de780e383,19883637,1658825909,7/26/22 8:58,0x6e9afd530416fc332d47939463c292d9062209b1,0x724b43a61c0a8c2f9b5e776680537db4d723ebdd,,0,82.19522498,25210.09745,0.00013125,0.040255688,249.43,,,Transfer
0x811997084936f24d518b534c3118aafec9755e7318ad40f8db79301eb77c0ea9,19893208,1658854699,7/26/22 16:58,0x6e9afd530416fc332d47939463c292d9062209b1,0x1b44dd67cdd0d725129cdddca2ae5db239594f46,,0,100,30671,0.00013125,0.040255688,249.43,,,Transfer
0x30a91ac21c51b502e7947d0ff0e193b0d1f9ee7b63aade6a0ee0b7f7ce5e7a1f,19895556,1658861749,7/26/22 18:55,0x6e9afd530416fc332d47939463c292d9062209b1,0x1b44dd67cdd0d725129cdddca2ae5db239594f46,,0,82.49418918,25301.79276,0.00013125,0.040255688,249.43,,,Transfer
0x82803747777f55655227dc7766a7f8ff12355e35cb294d473d6b0d2cd8d4de28,19912598,1658913029,7/27/22 9:10,0x6e9afd530416fc332d47939463c292d9062209b1,0xaeb17c2f7b833c0ad117c476edf30059f50f9b09,,0,7.930724997,2432.432664,0.00013125,0.040255688,271.71,,,Transfer
0x818dcfcd9ae757e6ffa1919f7065155abac9b889aae1006780b1875db6af8b2b,19925776,1658952705,7/27/22 20:11,0x6e9afd530416fc332d47939463c292d9062209b1,0x61ac622c4a311c3d22f613933713de167e3d4a07,,0,200,61342,0.00013125,0.040255688,271.71,,,Transfer
0x040523632ec122f60e1a575d59a79a386ac542f61784b2898ab8481889488207,19928325,1658960353,7/27/22 22:19,0x6e9afd530416fc332d47939463c292d9062209b1,0x1b44dd67cdd0d725129cdddca2ae5db239594f46,,0,200,61342,0.00013125,0.040255688,271.71,,,Transfer
0x3caf4d29d5346b3036544e93148f6193706bbf46e0504f0e709e7760693f1732,19939223,1658993147,7/28/22 7:25,0x6e9afd530416fc332d47939463c292d9062209b1,0x61ac622c4a311c3d22f613933713de167e3d4a07,,0,400,122684,0.00013125,0.040255688,277.34,,,Transfer
0x6b3531bc9c30da6e0738fcb0e4e3d7fee7fb9fdd85f6eb67edaf3e3368a623a5,19952411,1659032881,7/28/22 18:28,0x6e9afd530416fc332d47939463c292d9062209b1,0x8f0d9acb433ca1c0f214990c4c908f2aa12387e4,,0,300,92013,0.000105,0.03220455,277.34,,,Transfer
0x518b8f257145656e1407731c5d4fc19225fca300f6c80b6484cc8afc7edb3d00,19952630,1659033568,7/28/22 18:39,0x6e9afd530416fc332d47939463c292d9062209b1,0x4b9818718090dc53837485726c7ac094bb30bbea,,0,20,6134.2,0.000105,0.03220455,277.34,,,Transfer
0xa72ec045446a60884d4b24ce59c743f648ebc285956f7457a7cf35f3b5bebd9c,19969655,1659084884,7/29/22 8:54,0x6e9afd530416fc332d47939463c292d9062209b1,0x0000000000000000000000000000000000001004,,0,15.002,4601.26342,0.00038125,0.116933188,293.85,,,Transfer Out
0x646762e96e6508b876340e9a91f6d6ab7b87ffdbdc0f648a8f75bce37e5357b4,19976298,1659104899,7/29/22 14:28,0x6e9afd530416fc332d47939463c292d9062209b1,0x389fcea09fa4e86f5b7afe54ea1c54e553336f5e,,0,5,1533.55,0.000105,0.03220455,293.85,,,Transfer
0x9a981737363db543059c17619421f4588d9eb2f010a84953172591d952dc0a1a,20068312,1659381753,8/1/22 19:22,0x6e9afd530416fc332d47939463c292d9062209b1,0x4b9818718090dc53837485726c7ac094bb30bbea,,0,50,15335.5,0.000105,0.03220455,283.5,,,Transfer
0x66b434e1f2916605a9917aed87e84479ad934b86c0eb84fc302af60fd4e25a7d,20106907,1659497683,8/3/22 3:34,0x6e9afd530416fc332d47939463c292d9062209b1,0x527f0772eb635cd7ef8a6d8fc3aeec781fa36b25,,0,100,30671,0.000105,0.03220455,298.25,,,Transfer
0xcea66de18e3e695357e2cfa9506a0b2a2bb3e3b1425d599cfa48e83135ccb1df,20115451,1659523317,8/3/22 10:41,0x6e9afd530416fc332d47939463c292d9062209b1,0x8f0d9acb433ca1c0f214990c4c908f2aa12387e4,,0,100,30671,0.000105,0.03220455,298.25,,,Transfer
0xcf71b41f080c4d9dacd1116ff5d1f8f63aa36e268a40738556da7d8c98382e5a,20124546,1659550621,8/3/22 18:17,0x6e9afd530416fc332d47939463c292d9062209b1,0x8d9a21da7c6e16b06e3c3bda918a344afba02f90,,0,0.37,113.4827,0.000105,0.03220455,298.25,,,Transfer
0xd214c1c2bf71483881020f159dc6ca4b9afc5fec786f9487ec597ea23892bb58,20128309,1659561930,8/3/22 21:25,0x6e9afd530416fc332d47939463c292d9062209b1,0x8d9a21da7c6e16b06e3c3bda918a344afba02f90,,0,0.446,136.79266,0.000105,0.03220455,298.25,,,Transfer
0xf58b2dc31226c28f6273416e517cb3a9986f63389e13ae125880317b1585e995,20146732,1659617279,8/4/22 12:47,0x6e9afd530416fc332d47939463c292d9062209b1,0x190364cd29f19b7f295effea1e57180845ef81ea,,0,33.3,10213.443,0.000105,0.03220455,311.87,,,Transfer
0xf36f665df9f008db50a85041fd7aaf83916fe9f208faa9467ae261c9dda157a7,20171179,1659690721,8/5/22 9:12,0x6e9afd530416fc332d47939463c292d9062209b1,0x4c8608dfa3fa8617599b38983b57f0210192d9cc,,0,0.7,214.697,0.000105,0.03220455,315.95,,,Transfer
0xa9e2627f55d391f6c4b0bec460ce7df48bd99ce52ea2bf40419219b7d892b216,20174314,1659700156,8/5/22 11:49,0x6e9afd530416fc332d47939463c292d9062209b1,0x190364cd29f19b7f295effea1e57180845ef81ea,,0,31.4,9630.694,0.000105,0.03220455,315.95,,,Transfer
0x77ac1b71ad5c1ccefa6f5e3a77a9dac0456019ac24fb01114a6ac4409192f5fd,20183923,1659729095,8/5/22 19:51,0x6e9afd530416fc332d47939463c292d9062209b1,0x67cd006ba2d66e564a551240a02e1c8be9c5815f,,0,41.37,12688.5927,0.000105,0.03220455,315.95,,,Transfer
0x438ff2b1a0f7a506d51346f7753cc98abc5aadcb7b27c079b43e134bd20c80d0,20184509,1659730853,8/5/22 20:20,0x6e9afd530416fc332d47939463c292d9062209b1,0x25c47b48ef1f64dce9db7b5da9791e3a69a264b7,,0,250,76677.5,0.000105,0.03220455,315.95,,,Transfer
0x7cad0fe1345dacdd9803faf469bd295ffa8e22f935f2fb42e296d60198810079,20185257,1659733097,8/5/22 20:58,0x6e9afd530416fc332d47939463c292d9062209b1,0x1bb2d2b396edc607ce8149820ad7c121aa6c41fc,,0,200,61342,0.000105,0.03220455,315.95,,,Transfer
0x64cec796c74d7e31996fc14428e849d5fad7270cc4cd3df03caa1645ec2b6ee6,20197694,1659770458,8/6/22 7:20,0x6e9afd530416fc332d47939463c292d9062209b1,0x10ed43c718714eb63d5aa57b78b54704e256024e,,0,48,14722.08,0.001370754,0.420423959,315.31,,,Swap Exact ETH For Tokens
0x0c8a174015a32e483408f52d23a2fa273b93c75b07986444913c6d777f0d631f,20201525,1659781951,8/6/22 10:32,0x6e9afd530416fc332d47939463c292d9062209b1,0x10ed43c718714eb63d5aa57b78b54704e256024e,,0,40,12268.4,0.001265754,0.388219409,315.31,,,Swap Exact ETH For Tokens
0xb8f2832b98da9adf566e0afa74381716555c4b685173dc083f4d19c99f880abf,20209580,1659806177,8/6/22 17:16,0x6e9afd530416fc332d47939463c292d9062209b1,0x10ed43c718714eb63d5aa57b78b54704e256024e,,0,30,9201.3,0.001265754,0.388219409,315.31,,,Swap Exact ETH For Tokens
0xb3e750e8252629cb0b3b2ff3fbbea8c686e7b0debc2751a1971ca0e6fab658ff,20211686,1659812495,8/6/22 19:01,0x6e9afd530416fc332d47939463c292d9062209b1,0x10ed43c718714eb63d5aa57b78b54704e256024e,,0,30,9201.3,0.001790754,0.549242159,315.31,,,Swap Exact ETH For Tokens
0x4b170952c47797040dd24e2088725c3db04c989e28e8f74d48e8b0e90473795d,20232098,1659873813,8/7/22 12:03,0x6e9afd530416fc332d47939463c292d9062209b1,0x3a5b08315d36fe586cc1fd2817b785998fc65ea4,,0,0,0,0.000311521,0.095546606,322.79,,,Approve
0x7706f7f912126fdbc35806ac052487578c7bcb6464e8c3187b3dafe15352c782,20232106,1659873837,8/7/22 12:03,0x6e9afd530416fc332d47939463c292d9062209b1,0x10ed43c718714eb63d5aa57b78b54704e256024e,,0,0,0,0.001018066,0.312251023,322.79,,,Swap Tokens For Exact ETH
0x5f381556fc8ee484f28d137d9d0247c3f830120291f915cab2d84b266b6f7d69,20232123,1659873888,8/7/22 12:04,0x6e9afd530416fc332d47939463c292d9062209b1,0x10ed43c718714eb63d5aa57b78b54704e256024e,,0,0,0,0.001018066,0.312251023,322.79,,,Swap Tokens For Exact ETH
0xa3077a3e519bbff88ae92860f3978e39302e50fe908446529f930fedeee74d31,20232173,1659874038,8/7/22 12:07,0x6e9afd530416fc332d47939463c292d9062209b1,0x10ed43c718714eb63d5aa57b78b54704e256024e,,0,0,0,0.000913185,0.280082971,322.79,,,Swap Exact Tokens For ETH
0x67cbde45396d883ac7472ab7a60763ebbf1be0a72275c4adfef5807d81948e1f,20272568,1659995238,8/8/22 21:47,0x6e9afd530416fc332d47939463c292d9062209b1,0x9b28e5a35eb7f121792f56a26c04415f09f29e91,,0,100,30671,0.000105,0.03220455,325.04,,,Transfer
0x44ecfa97705e352a355f95b7bcb6d9ca3e90c164e62a5d4454dcad111bc89002,20321843,1660143397,8/10/22 14:56,0x6e9afd530416fc332d47939463c292d9062209b1,0x1bb2d2b396edc607ce8149820ad7c121aa6c41fc,,0,500,153355,0.000105,0.03220455,328.9,,,Transfer
0xcb52d0c2477d67da2ba2f1b2564d1bc71f6ae188cddc33153a50807d8d18e373,20328992,1660164844,8/10/22 20:54,0x6e9afd530416fc332d47939463c292d9062209b1,0x55d398326f99059ff775485246999027b3197955,,0,0,0,0.000255575,0.078387408,328.9,,,Transfer
0x49d18540e89dcdefb8ea8b176e134787cabf2441d3cb3d5b425dca4d155a814b,20343125,1660207257,8/11/22 8:40,0x6e9afd530416fc332d47939463c292d9062209b1,0xc8c55fee1ff3f1ec2d25b9c9abe43ccc67b1b75b,,0,30.3,9293.313,0.000105,0.03220455,323.9,,,Transfer
0x743861c47d47eac849944fde7d2cf9123614047c0b81ce6d52f26b4bcf73c1c6,20384479,1660331344,8/12/22 19:09,0x6e9afd530416fc332d47939463c292d9062209b1,0x1bb2d2b396edc607ce8149820ad7c121aa6c41fc,,0,400,122684,0.000105,0.03220455,328.24,,,Transfer
0xc0c2512f36a2a0b839b9b869709ad6041f2e0bb2e3449b60c0e7f6c0f0ef6e00,20388600,1660343707,8/12/22 22:35,0x6e9afd530416fc332d47939463c292d9062209b1,0x10ed43c718714eb63d5aa57b78b54704e256024e,,0,92.80892053,28465.42402,0.000995841,0.305434393,328.24,,,Swap ETH For Exact Tokens
0x770ccdf9a943b7d4bcb6a5f3020210c316d32d31b1ec2d558136e609c75263f8,20388625,1660343782,8/12/22 22:36,0x6e9afd530416fc332d47939463c292d9062209b1,0xe9e7cea3dedca5984780bafc599bd69add087d56,,0,0,0,0.000180635,0.055402561,328.24,,,Transfer
0x93b72b0ffd4e03fc9820630db93f8f1b35d176a82fcc9e7fcbd30c52509612f3,20388646,1660343845,8/12/22 22:37,0x6e9afd530416fc332d47939463c292d9062209b1,0x5fc9ec39b601238ef32a31075dfb8a772366a04b,,0,0.01,3.0671,0.000105,0.03220455,328.24,,,Transfer
0x069538d8994f2c744ffbcc3ac77deee3425bcec46d9d14461a17486a7e7b10fa,20438466,1660493381,8/14/22 16:09,0x6e9afd530416fc332d47939463c292d9062209b1,0x10ed43c718714eb63d5aa57b78b54704e256024e,,0,13,3987.23,0.000887166,0.272102684,317.75,,,Swap Exact ETH For Tokens
0x397f4b17c5faae9d9703ebeb58ef98adde9181c28979fffb09dba9fa0d7d0129,20444733,1660512187,8/14/22 21:23,0x6e9afd530416fc332d47939463c292d9062209b1,0x10ed43c718714eb63d5aa57b78b54704e256024e,,0,20,6134.2,0.00126609,0.388322464,317.75,,,Swap Exact ETH For Tokens
0x3eca393cf5fb65910f3b68eada8e2ededb50e4a7de8e06c92123aa225d7edc88,20444744,1660512220,8/14/22 21:23,0x6e9afd530416fc332d47939463c292d9062209b1,0x10ed43c718714eb63d5aa57b78b54704e256024e,,0,10,3067.1,0.00126609,0.388322464,317.75,,,Swap Exact ETH For Tokens
0x55de43751985232a2fcf9f8932436700cc4c55c8e346d27e03df763d8a90d108,20503043,1660687680,8/16/22 22:08,0x6e9afd530416fc332d47939463c292d9062209b1,0x10ed43c718714eb63d5aa57b78b54704e256024e,,0,94.95583383,29123.90379,0.000995841,0.305434393,316.17,,,Swap ETH For Exact Tokens
0x5053421ac461cc136f51c5c2dc714ecfb160d15531827f8dfed39a76da526494,20503254,1660688313,8/16/22 22:18,0x6e9afd530416fc332d47939463c292d9062209b1,0xe9e7cea3dedca5984780bafc599bd69add087d56,,0,0,0,0.000180635,0.055402561,316.17,,,Transfer
0xd4848f512a3c9ba2106581c205d89b046bca78c0b28b62c74f8183f299fea22d,20515462,1660724938,8/17/22 8:28,0x6e9afd530416fc332d47939463c292d9062209b1,0xc8c55fee1ff3f1ec2d25b9c9abe43ccc67b1b75b,,0,31.5,9661.365,0.000105,0.03220455,306.88,,,Transfer
0xd0bec785af26692731bd58f465f7502eeb36a0e7952ca0418275a47c533903a8,20523862,1660750146,8/17/22 15:29,0x6e9afd530416fc332d47939463c292d9062209b1,0x4c8608dfa3fa8617599b38983b57f0210192d9cc,,0,0.3,92.013,0.000105,0.03220455,306.88,,,Transfer
0x4e4d559e37104c5b38081d8dfab414d8b71fbae30d65f02d83bac8ec4da95019,20640933,1661101681,8/21/22 17:08,0x6e9afd530416fc332d47939463c292d9062209b1,0x489d2b8c7fa7f58a1ebe7b7b1d5be24b0f05201b,,0,40,12268.4,0.000105,0.03220455,301.88,,,Transfer
0xbd543f24d1ead731eca4dbbc49485871a04af176378f744a8610cc8d6472053a,20645451,1661115235,8/21/22 20:53,0x6e9afd530416fc332d47939463c292d9062209b1,0x489d2b8c7fa7f58a1ebe7b7b1d5be24b0f05201b,,0,50,15335.5,0.000105,0.03220455,301.88,,,Transfer
0x19fddf24e0e8aa8f9e7f919b25b5c8c51b382dd59d6d2590bfd29f9e700b5292,20647829,1661122369,8/21/22 22:52,0x6e9afd530416fc332d47939463c292d9062209b1,0x10ed43c718714eb63d5aa57b78b54704e256024e,,0,99.35649428,30473.63036,0.000891401,0.273401601,301.88,,,Swap ETH For Exact Tokens
0x010eefa3a04fa6d9654e18398a89ca5bce2fc20e16d3cdd2ff9001ec06e58324,20648259,1661123659,8/21/22 23:14,0x6e9afd530416fc332d47939463c292d9062209b1,0x55d398326f99059ff775485246999027b3197955,,0,0,0,0.000255575,0.078387408,301.88,,,Transfer
0x5e707bc25836640b93591bcb05427c1c478131716ca9f02ee3c2abfbc411a295,20659755,1661158175,8/22/22 8:49,0x6e9afd530416fc332d47939463c292d9062209b1,0x1bb2d2b396edc607ce8149820ad7c121aa6c41fc,,0,50,15335.5,0.000105,0.03220455,299.91,,,Transfer
0x6ce6a09b4071ffead27afc900f80a7a869acd95c107f9691888cbae7083bcb92,20663742,1661170140,8/22/22 12:09,0x6e9afd530416fc332d47939463c292d9062209b1,0x10ed43c718714eb63d5aa57b78b54704e256024e,,0,5,1533.55,0.001370922,0.420475487,299.91,,,Swap Exact ETH For Tokens
0x93101b007f8f3c0175d4479b56ddef81f8c96d17a7e657aa08f566281df6131e,20664359,1661171991,8/22/22 12:39,0x6e9afd530416fc332d47939463c292d9062209b1,0x10ed43c718714eb63d5aa57b78b54704e256024e,,0,30,9201.3,0.001181418,0.362352715,299.91,,,Swap Exact ETH For Tokens
0x320e811cf2f72d934f95e5f4e318450e0ffb76e94320a753a1224cd51eb489d3,20664642,1661172840,8/22/22 12:54,0x6e9afd530416fc332d47939463c292d9062209b1,0x10ed43c718714eb63d5aa57b78b54704e256024e,,0,10,3067.1,0.001265922,0.388270937,299.91,,,Swap Exact ETH For Tokens
0xd683819caa5ff363b725d895c66eb33b30895352ae05ee7f6e1dc2d0398a7c86,20664649,1661172861,8/22/22 12:54,0x6e9afd530416fc332d47939463c292d9062209b1,0x10ed43c718714eb63d5aa57b78b54704e256024e,,0,20,6134.2,0.001266006,0.3882967,299.91,,,Swap Exact ETH For Tokens
0x487e9090c4028d5d0199184d0b21cd6abb1d982c41b347891c75092c3de4a36e,20665118,1661174274,8/22/22 13:17,0x6e9afd530416fc332d47939463c292d9062209b1,0x10ed43c718714eb63d5aa57b78b54704e256024e,,0,5,1533.55,0.001265922,0.388270937,299.91,,,Swap Exact ETH For Tokens
0x7807a132d81c932ec7ed0d9308709a9b2bbec161bf572f336cccce5761a42c7b,20674855,1661203486,8/22/22 21:24,0x6e9afd530416fc332d47939463c292d9062209b1,0x10ed43c718714eb63d5aa57b78b54704e256024e,,0,47,14415.37,0.001790922,0.549293687,299.91,,,Swap Exact ETH For Tokens
0x94909fd725a6c21291491234fb424a28c552bc2d425f0d89d8389d83b458839f,20731399,1661373185,8/24/22 20:33,0x6e9afd530416fc332d47939463c292d9062209b1,0x4c8608dfa3fa8617599b38983b57f0210192d9cc,,0,0.2,61.342,0.000105,0.03220455,296.34,,,Transfer
0xed0cc6265f646afe688b335e4b8ecf83c1f8503cc43af3c9eb9533756113b34d,20764212,1661472041,8/26/22 0:00,0x6e9afd530416fc332d47939463c292d9062209b1,0x10ed43c718714eb63d5aa57b78b54704e256024e,,0,90,27603.9,0.000939988,0.288303719,279.53,,,Swap Exact ETH For Tokens
0x5c2646ca3575583213fb8cdff9e94af123d5ef3b29f8bdc523cfa6b66a6c3032,20764227,1661472086,8/26/22 0:01,0x6e9afd530416fc332d47939463c292d9062209b1,0xe9e7cea3dedca5984780bafc599bd69add087d56,,0,0,0,0.000255575,0.078387408,279.53,,,Transfer
0x9026780c0318da8648ea89df076919e02c499f6154fb936fb229025edd3ecd87,20764444,1661472737,8/26/22 0:12,0x6e9afd530416fc332d47939463c292d9062209b1,0xe9e7cea3dedca5984780bafc599bd69add087d56,,0,0,0,0.000255515,0.078369006,279.53,,,Transfer
0x62e498a9a2b6d3ba61e38d3e7f8828abb84a95efccec49f12e490ad94b878dd7,20778212,1661514167,8/26/22 11:42,0x6e9afd530416fc332d47939463c292d9062209b1,0x10ed43c718714eb63d5aa57b78b54704e256024e,,0,10,3067.1,0.002391102,0.733374894,279.53,,,Swap Exact ETH For Tokens
0xc7d3011ca4b97cbfb306fc82a0ae1b2221e1a2f2e2ece36f39fd60ed03ade58e,20787070,1661540838,8/26/22 19:07,0x6e9afd530416fc332d47939463c292d9062209b1,0xe9e7cea3dedca5984780bafc599bd69add087d56,,0,0,0,0.000310842,0.09533835,279.53,,,Approve
0x1daee2137833bfa30417055b9d4014a679a4e39a92c17a71a1ba3c9d1ea82aaa,20787077,1661540859,8/26/22 19:07,0x6e9afd530416fc332d47939463c292d9062209b1,0x10ed43c718714eb63d5aa57b78b54704e256024e,,0,0,0,0.002029748,0.622544009,279.53,,,Swap Exact Tokens For Tokens
0x913fb4ce7a716ee63a6d9a9d0ac249d2b623cb1f676f32f0c61df441ff588dfd,20787159,1661541105,8/26/22 19:11,0x6e9afd530416fc332d47939463c292d9062209b1,0x10ed43c718714eb63d5aa57b78b54704e256024e,,0,12,3680.52,0.001631882,0.500514528,279.53,,,Swap Exact ETH For Tokens
0x0c289f71d42350677595031852ab5b01d35c8fdd59c1cff17716d1b4e6d506fe,20791828,1661555112,8/26/22 23:05,0x6e9afd530416fc332d47939463c292d9062209b1,0x10ed43c718714eb63d5aa57b78b54704e256024e,,0,28,8587.88,0.001631882,0.500514528,279.53,,,Swap Exact ETH For Tokens
0x37ea0bc590fffb5e823ccfe02c6079d03718c5c82a186185c67cbfcfe64c31ae,20903334,1661889984,8/30/22 20:06,0x6e9afd530416fc332d47939463c292d9062209b1,0x10ed43c718714eb63d5aa57b78b54704e256024e,,0,100,30671,0.000835548,0.256270927,281.52,,,Swap Exact ETH For Tokens
0x5633bfc33978eac9978062431472272bb47b8abe6d8339583f953e16eb0d60c6,20903364,1661890074,8/30/22 20:07,0x6e9afd530416fc332d47939463c292d9062209b1,0x55d398326f99059ff775485246999027b3197955,,0,0,0,0.000255635,0.078405811,281.52,,,Transfer
0x435e8947601874f5012a11606ef063dc5249505638a9aa1a27b7ec3d93409fef,21048814,1662327107,9/4/22 21:31,0x6e9afd530416fc332d47939463c292d9062209b1,0x10ed43c718714eb63d5aa57b78b54704e256024e,,0,91,27910.61,0.000835548,0.256270927,279.13,,,Swap Exact ETH For Tokens
0x3f0aa18b15744895227ff103e33f411decb44e7e6a0f7f1751086694e2fc26c1,21048844,1662327197,9/4/22 21:33,0x6e9afd530416fc332d47939463c292d9062209b1,0x55d398326f99059ff775485246999027b3197955,,0,0,0,0.000255635,0.078405811,279.13,,,Transfer
0x1fa7301593d6440bf5822b3a9931623a2373b6da1a45bdae4a18aaab89ac21a1,21066039,1662379530,9/5/22 12:05,0x6e9afd530416fc332d47939463c292d9062209b1,0x10ed43c718714eb63d5aa57b78b54704e256024e,,0,9,2760.39,0.001895362,0.581326479,276.87,,,Swap Exact ETH For Tokens
0x2eebca90de7c384bf4e2f2a36ce1c8b378784e6a468d32f12d2363d711b5fdb4,21069290,1662389299,9/5/22 14:48,0x6e9afd530416fc332d47939463c292d9062209b1,0x55d398326f99059ff775485246999027b3197955,,0,0,0,0.000310842,0.09533835,276.87,,,Approve
0xfd1946b0258a9c7dfbfd652999295f7b6e1147614c4aa989a6a71dd37dfdfd53,21069296,1662389317,9/5/22 14:48,0x6e9afd530416fc332d47939463c292d9062209b1,0x10ed43c718714eb63d5aa57b78b54704e256024e,,0,0,0,0.001662752,0.509982666,276.87,,,Swap Exact Tokens For Tokens
0x892597a1528883f263a8ac56fec604f7da376c5e3cd64a2a75db70dc409f9069,21131863,1662577249,9/7/22 19:00,0x6e9afd530416fc332d47939463c292d9062209b1,0x10ed43c718714eb63d5aa57b78b54704e256024e,,0,93,28524.03,0.000940548,0.288475477,279.07,,,Swap Exact ETH For Tokens
0x9e6bf29bbe6946dfcc8e2bbd46c4a2739fae8555aa3ac06a2e7970fdbfbd9c31,21131894,1662577342,9/7/22 19:02,0x6e9afd530416fc332d47939463c292d9062209b1,0x55d398326f99059ff775485246999027b3197955,,0,0,0,0.000255635,0.078405811,279.07,,,Transfer
0x8fde911f4f4b557277df576a4aee985895f2f58550dc7f1aee50174c4fd655a8,21153690,1662642809,9/8/22 13:13,0x6e9afd530416fc332d47939463c292d9062209b1,0x1bb2d2b396edc607ce8149820ad7c121aa6c41fc,,0,7,2146.97,0.000105,0.03220455,280.66,,,Transfer
0xe9740e52b4a9652403012994d1a5d431c9b94ba75e3c9f793ff97c655893c3ed,21162634,1662669642,9/8/22 20:40,0x6e9afd530416fc332d47939463c292d9062209b1,0x10ed43c718714eb63d5aa57b78b54704e256024e,,0,20,6134.2,0.000835464,0.256245163,280.66,,,Swap Exact ETH For Tokens
0xaadbc091ab633b63d486853d5995e1f5113e15761f7de9ecbc57b3aa522b957e,21162658,1662669714,9/8/22 20:41,0x6e9afd530416fc332d47939463c292d9062209b1,0x55d398326f99059ff775485246999027b3197955,,0,0,0,0.000255575,0.078387408,280.66,,,Transfer
0x360431fbdc4626cdb4cf15bb4113548b17d9383517eba94562f6367c46e9432e,21275475,1663008622,9/12/22 18:50,0x6e9afd530416fc332d47939463c292d9062209b1,0x10ed43c718714eb63d5aa57b78b54704e256024e,,0,500,153355,0.000835548,0.256270927,294.11,,,Swap Exact ETH For Tokens
0x6928267ef8f5a016c0841f579feeab3f56fca1e9efa042c3d3d9fae426f18a8c,21275794,1663009579,9/12/22 19:06,0x6e9afd530416fc332d47939463c292d9062209b1,0x1bb2d2b396edc607ce8149820ad7c121aa6c41fc,,0,1,306.71,0.000105,0.03220455,294.11,,,Transfer
0x3f041584eabd6f8fed4854e64d098c298c448e136ca6483c86fef31f1f891cde,21275801,1663009600,9/12/22 19:06,0x6e9afd530416fc332d47939463c292d9062209b1,0x55d398326f99059ff775485246999027b3197955,,0,0,0,0.000255575,0.078387408,294.11,,,Transfer
0x38a0c01dbe3b84b116bf05b35740f6930bb963027e0db91e9918eb69284725a9,21320447,1663143554,9/14/22 8:19,0x6e9afd530416fc332d47939463c292d9062209b1,0x10ed43c718714eb63d5aa57b78b54704e256024e,,0,16,4907.36,0.003847921,1.18019585,279.36,,,Swap Exact ETH For Tokens
0x229df70597e9c6b8cbc094de985d012e9a34738f8d489d0a2aa23cd5bfbb1918,21324036,1663154321,9/14/22 11:18,0x6e9afd530416fc332d47939463c292d9062209b1,0x10ed43c718714eb63d5aa57b78b54704e256024e,,0,5,1533.55,0.003454171,1.059428787,279.36,,,Swap Exact ETH For Tokens
0x4b69d5a42e95de76e6f66608d24ee4d21b8b8ac079f090427935862256402545,21324553,1663155872,9/14/22 11:44,0x6e9afd530416fc332d47939463c292d9062209b1,0x10ed43c718714eb63d5aa57b78b54704e256024e,,0,35,10734.85,0.001941296,0.595414896,279.36,,,Swap Exact ETH For Tokens
0x57b11c302dd603e44d564e317ab8e9e63e4a1242a25d2dadad7fa2f055a9bc83,21326916,1663162964,9/14/22 13:42,0x6e9afd530416fc332d47939463c292d9062209b1,0x10ed43c718714eb63d5aa57b78b54704e256024e,,0,15,4600.65,0.001920884,0.589154332,279.36,,,Swap Exact ETH For Tokens
0xbad51d64ecaafe1c7ade437633727f911504b13f330045af5c6ae9e4378e446f,21331019,1663175275,9/14/22 17:07,0x6e9afd530416fc332d47939463c292d9062209b1,0x4c267653e851876dede1c90d494c2fc3f7f01178,,0,0,0,0.000311528,0.095548753,279.36,,,Approve
0x8bc76d85990fb38c1cd01d1d55188526b6c7bc96d039ae3775ff2004d11fff37,21332527,1663179799,9/14/22 18:23,0x6e9afd530416fc332d47939463c292d9062209b1,0x10ed43c718714eb63d5aa57b78b54704e256024e,,0,0,0,0.000165858,0.050870307,279.36,Error(0),execution reverted,Swap Exact Tokens For ETH Supporting Fee On Transfer Tokens
0xe1a461db8a69f1913ecc96dae8f21fbbcecc769131da7155cf86050d3aa826a2,21332550,1663179868,9/14/22 18:24,0x6e9afd530416fc332d47939463c292d9062209b1,0x10ed43c718714eb63d5aa57b78b54704e256024e,,0,0,0,0.00278537,0.854300833,279.36,,,Swap Exact Tokens For ETH Supporting Fee On Transfer Tokens
0x02fd2df17c87c88f77b5ba9b7f0753891e4385aa6dedb91cd6a5226633d4f1a9,21378110,1663317870,9/16/22 8:44,0x6e9afd530416fc332d47939463c292d9062209b1,0x1bb2d2b396edc607ce8149820ad7c121aa6c41fc,,0,400,122684,0.000105,0.03220455,274.89,,,Transfer
0x8bbacd53a529d5fca96b1fc20e377534be55e91e89f9938b37773101de90b882,21472335,1663603895,9/19/22 16:11,0x6e9afd530416fc332d47939463c292d9062209b1,0x55d398326f99059ff775485246999027b3197955,,0,0,0,0.000255635,0.078405811,272.04,,,Transfer
0xae869a7a164cba1be8b3a9b2c04841104ba8ad6fea53547260e65e44daeb5a78,21482013,1663633173,9/20/22 0:19,0x6e9afd530416fc332d47939463c292d9062209b1,0x55d398326f99059ff775485246999027b3197955,,0,0,0,0.000180755,0.055439366,266.39,,,Transfer
0x3687188bfcac0a2e173b65f00fc97467ab293e67f2e65e734dfdd28f6649b9e0,21592631,1663966869,9/23/22 21:01,0x6e9afd530416fc332d47939463c292d9062209b1,0x1bb2d2b396edc607ce8149820ad7c121aa6c41fc,,0,2,613.42,0.000105,0.03220455,276.63,,,Transfer
0x81b24bc38c21e18e28af5bb6a010bd0fadb2bdaeeda1d9393885007c57fc5391,21893620,1664885354,10/4/22 12:09,0x6e9afd530416fc332d47939463c292d9062209b1,0x10ed43c718714eb63d5aa57b78b54704e256024e,,0,1,306.71,0.001141084,0.349981874,296.37,,,Swap Exact ETH For Tokens
0xde5576f7d9b9d24df3a5c6749338610014e92a135edfce300b25d162f615ccc3,21893680,1664885534,10/4/22 12:12,0x6e9afd530416fc332d47939463c292d9062209b1,0x10ed43c718714eb63d5aa57b78b54704e256024e,,0,2,613.42,0.001036168,0.317803087,296.37,,,Swap Exact ETH For Tokens
0xcac4939e17c122edaee4fba952ef00fa8b777b913ae2e4b19dc928ca8d5eb461,21893689,1664885561,10/4/22 12:12,0x6e9afd530416fc332d47939463c292d9062209b1,0x10ed43c718714eb63d5aa57b78b54704e256024e,,0,2,613.42,0.001036168,0.317803087,296.37,,,Swap Exact ETH For Tokens
0x1cb50437b68a2ecfb0fb68056c76de30645a4c8caea2f7aa37e7c9d0acf564d2,21893694,1664885576,10/4/22 12:12,0x6e9afd530416fc332d47939463c292d9062209b1,0x10ed43c718714eb63d5aa57b78b54704e256024e,,0,2,613.42,0.001047851,0.32138638,296.37,,,Swap Exact ETH For Tokens
0x04b07603abe970d36a02d6518cee6926239f7c6f7ee2e7d67d72d162c95cc7e4,21893697,1664885585,10/4/22 12:13,0x6e9afd530416fc332d47939463c292d9062209b1,0x10ed43c718714eb63d5aa57b78b54704e256024e,,0,2,613.42,0.001047851,0.32138638,296.37,,,Swap Exact ETH For Tokens
0x480e9c46f4bd9244fbc2fe96f76ab2bf44f1a060bfec3b901682a10e0bd921d2,21943950,1665038928,10/6/22 6:48,0x6e9afd530416fc332d47939463c292d9062209b1,0x10ed43c718714eb63d5aa57b78b54704e256024e,,0,20,6134.2,0.003988257,1.223238304,287.12,,,Swap Exact ETH For Tokens
0x94a013c3a98d123bc397727564a83c3403bf32f3a1c84d14f29a498e57629cf0,22457887,1666628795,10/24/22 16:26,0x6e9afd530416fc332d47939463c292d9062209b1,0x10ed43c718714eb63d5aa57b78b54704e256024e,,0,0,0,0.005229085,1.60381266,274.23,,,Swap Exact Tokens For ETH Supporting Fee On Transfer Tokens
0xa1af5c962daaafb03cd92831f98354e539b08048fa403a34176d631f56c689d6,22458281,1666630011,10/24/22 16:46,0x6e9afd530416fc332d47939463c292d9062209b1,0x10ed43c718714eb63d5aa57b78b54704e256024e,,0,0,0,0.002889715,0.886304488,274.23,,,Swap Exact Tokens For ETH Supporting Fee On Transfer Tokens
0xffb81db80f5151a6655c5a22e62edfd72087ca759f0beb195b1b7f57122eff86,22459390,1666633349,10/24/22 17:42,0x6e9afd530416fc332d47939463c292d9062209b1,0x10ed43c718714eb63d5aa57b78b54704e256024e,,0,31,9508.01,0.0006114,0.187522494,274.23,,,Swap Exact ETH For Tokens
0x4056fb687b166683df917b6dba9ed0027763652317cdc661f0c3aca2a9a07d03,22459499,1666633676,10/24/22 17:47,0x6e9afd530416fc332d47939463c292d9062209b1,0x55d398326f99059ff775485246999027b3197955,,0,0,0,0.000180515,0.055365756,274.23,,,Transfer
0xd1788e53f2f1041391c9fb9bd13f1ed678223742477403566265d7771e5052da,22476124,1666684190,10/25/22 7:49,0x6e9afd530416fc332d47939463c292d9062209b1,0x10ed43c718714eb63d5aa57b78b54704e256024e,,0,0,0,0.00114224,0.35033643,284.26,,,Swap Exact Tokens For Tokens
0x30e2fd393d093dfb419a831ac5b40081ce74339724896aebc2e784d4f2c0f7d9,22476734,1666686033,10/25/22 8:20,0x6e9afd530416fc332d47939463c292d9062209b1,0x10ed43c718714eb63d5aa57b78b54704e256024e,,0,1,306.71,0.00084381,0.258804965,284.26,,,Swap Exact ETH For Tokens
0x77515d7f4fe2c6d974f8e9ea28de194603096ddb8defec17e2fcdfdd4c60373d,22485220,1666711720,10/25/22 15:28,0x6e9afd530416fc332d47939463c292d9062209b1,0x10ed43c718714eb63d5aa57b78b54704e256024e,,0,0,0,0.000813195,0.249415038,284.26,,,Swap Exact Tokens For ETH Supporting Fee On Transfer Tokens
0xb9a6547a6ad935384eb7642281e90ef60d97357725d413c09acd44c054dac266,22485225,1666711735,10/25/22 15:28,0x6e9afd530416fc332d47939463c292d9062209b1,0x10ed43c718714eb63d5aa57b78b54704e256024e,,0,0,0,0.000813195,0.249415038,284.26,,,Swap Exact Tokens For ETH Supporting Fee On Transfer Tokens
0xc50d4736ceb939e35270e1353c6f665f162a6d7cce2f058f975d33002d77dd9f,22485229,1666711748,10/25/22 15:29,0x6e9afd530416fc332d47939463c292d9062209b1,0x10ed43c718714eb63d5aa57b78b54704e256024e,,0,0,0,0.000813195,0.249415038,284.26,,,Swap Exact Tokens For ETH Supporting Fee On Transfer Tokens
0x1e6bfa2ca17c38fd29ff99eb6c12105b0032a1a2c62fd720a37471e0b765c7fe,22485232,1666711757,10/25/22 15:29,0x6e9afd530416fc332d47939463c292d9062209b1,0x10ed43c718714eb63d5aa57b78b54704e256024e,,0,0,0,0.000813195,0.249415038,284.26,,,Swap Exact Tokens For ETH Supporting Fee On Transfer Tokens
0xd64a2fbd708d284435159c9ca563c12980cfe6d930647fedf0f1ab3dd308a215,22485245,1666711802,10/25/22 15:30,0x6e9afd530416fc332d47939463c292d9062209b1,0x10ed43c718714eb63d5aa57b78b54704e256024e,,0,4,1226.84,0.00090423,0.277336383,284.26,,,Swap Exact ETH For Tokens
0x172575557ffe1e7bed3ece54c5d7ad1a3cbbd1b7fb4be16a8b5135ff865dcd15,22486872,1666716747,10/25/22 16:52,0x6e9afd530416fc332d47939463c292d9062209b1,0x10ed43c718714eb63d5aa57b78b54704e256024e,,0,0,0,0.002505165,0.768359157,284.26,,,Swap Exact Tokens For ETH Supporting Fee On Transfer Tokens
